version 1
nodes
0 "blender_implicit" -1
1 "frame" -1
2 "wheel_rear" 1
3 "fork" 1
4 "wheel_front" 3
5 "att_grip_L" 3
6 "att_grip_R" 3
7 "att_seat" 1
8 "crank" 1
9 "pedal_L" 8
10 "pedal_R" 8
11 "att_baby_seat" 1
end
skeleton
time 0
0  0 0 0  0 0 0
1  0.000000 0.000000 0.000000  1.570796 -0.000000 0.000000
2  -0.490720 -0.037737 0.000000  -1.570800 -0.000001 -0.000000
3  0.380235 0.368318 -0.000506  0.000000 -0.002477 0.363903
4  0.008458 -0.437730 0.000486  -1.571678 0.002319 -0.363904
5  0.064813 0.260876 -0.281075  -0.000886 0.002315 -0.363904
6  0.066207 0.260876 0.281764  -0.000882 0.002315 -0.363904
7  -0.270022 0.459919 -0.000526  0.000000 -0.000000 0.000000
8  -0.048602 -0.101888 0.000000  -1.570796 -0.000000 0.000000
9  -0.000024 0.058445 0.128863  0.000000 -0.000000 0.000000
10  0.000081 -0.057455 -0.117564  0.000000 -0.000000 0.000000
11  -0.505932 0.340000 0.001256  0.000000 -0.000000 0.000000
end
triangles
baby_seat
0  -0.218223 0.008384 0.314010  0.015174 0.998790 -0.046786  0.220824 0.293352 1 1 1.000000
0  -0.456156 0.008319 0.310817  -0.489093 0.622741 -0.610722  0.195224 0.016996 1 1 1.000000
0  -0.462173 0.008384 0.333325  -0.412549 0.910227 -0.035931  0.220824 0.007901 1 1 1.000000
baby_seat
0  -0.222890 0.007991 0.330443  0.031119 0.770780 0.636341  0.239510 0.286404 1 1 1.000000
0  -0.462173 0.008384 0.333325  -0.412549 0.910227 -0.035931  0.220824 0.007901 1 1 1.000000
0  -0.466841 0.007991 0.342218  0.043183 0.455226 0.889328  0.230748 0.001655 1 1 1.000000
baby_seat
0  -0.212206 0.000506 0.291502  -0.078928 -0.000000 -0.996880  0.283189 0.010115 1 1 1.000000
0  -0.456156 -0.007306 0.310817  -0.489084 -0.622738 -0.610732  0.562922 0.000999 1 1 1.000000
0  -0.456156 0.000506 0.310817  -0.625571 -0.000538 -0.780167  0.562930 0.010115 1 1 1.000000
baby_seat
0  -0.218223 -0.007371 0.314010  -0.015508 -0.997606 0.067398  0.483116 0.837098 1 1 1.000000
0  -0.466841 -0.006978 0.342218  0.043184 -0.455238 0.889322  0.473206 0.545668 1 1 1.000000
0  -0.462173 -0.007371 0.333325  -0.442993 -0.888533 -0.119442  0.483116 0.551884 1 1 1.000000
baby_seat
0  -0.462173 0.008384 0.333325  -0.412549 0.910227 -0.035931  0.314685 0.312106 1 1 1.000000
0  -0.456156 0.000506 0.310817  -0.625571 -0.000538 -0.780167  0.305509 0.339161 1 1 1.000000
0  -0.463607 0.000506 0.332693  -0.955353 0.064069 -0.288438  0.305504 0.312209 1 1 1.000000
baby_seat
0  -0.463607 0.000506 0.332693  -0.955353 0.064069 -0.288438  0.305504 0.312209 1 1 1.000000
0  -0.456156 -0.007306 0.310817  -0.489084 -0.622738 -0.610732  0.296393 0.339161 1 1 1.000000
0  -0.462173 -0.007371 0.333325  -0.442993 -0.888533 -0.119442  0.296303 0.312106 1 1 1.000000
baby_seat
0  -0.222890 -0.006978 0.330443  0.031118 -0.770759 0.636367  0.241276 0.015645 1 1 1.000000
0  -0.468053 0.000506 0.341657  0.048211 -0.000001 0.998837  0.250005 0.297203 1 1 1.000000
0  -0.466841 -0.006978 0.342218  0.043184 -0.455238 0.889322  0.241275 0.295706 1 1 1.000000
baby_seat
0  -0.212206 0.008319 0.291502  -0.062188 0.615794 -0.785449  0.283196 0.019231 1 1 1.000000
0  -0.456156 0.000506 0.310817  -0.625571 -0.000538 -0.780167  0.562930 0.010115 1 1 1.000000
0  -0.456156 0.008319 0.310817  -0.489093 0.622741 -0.610722  0.562937 0.019231 1 1 1.000000
baby_seat
0  -0.224102 0.000506 0.329883  0.048211 0.000000 0.998837  0.250005 0.017142 1 1 1.000000
0  -0.466841 0.007991 0.342218  0.043183 0.455226 0.889328  0.258741 0.295719 1 1 1.000000
0  -0.468053 0.000506 0.341657  0.048211 -0.000001 0.998837  0.250005 0.297203 1 1 1.000000
baby_seat
0  -0.212206 -0.007306 0.291502  -0.062188 -0.615794 -0.785449  0.508741 0.846154 1 1 1.000000
0  -0.462173 -0.007371 0.333325  -0.442993 -0.888533 -0.119442  0.483116 0.551884 1 1 1.000000
0  -0.456156 -0.007306 0.310817  -0.489084 -0.622738 -0.610732  0.508741 0.560939 1 1 1.000000
baby_seat
0  -0.654539 0.107526 0.604394  -0.630351 0.775895 0.025404  0.167715 0.037784 1 1 1.000000
0  -0.659063 0.088106 0.641180  0.446129 0.534190 0.718060  0.198625 0.006402 1 1 1.000000
0  -0.645000 0.106418 0.608100  0.628281 0.606199 0.487632  0.178160 0.043653 1 1 1.000000
baby_seat
0  -0.668601 0.089213 0.637475  -0.735066 0.631236 0.247426  0.178601 0.072741 1 1 1.000000
0  -0.664207 0.068210 0.653221  0.383119 0.153506 0.910854  0.170991 0.097170 1 1 1.000000
0  -0.659063 0.088106 0.641180  0.446129 0.534190 0.718060  0.166983 0.074016 1 1 1.000000
baby_seat
0  -0.333013 0.136945 0.274641  0.862511 0.495791 -0.101324  0.260146 0.181264 1 1 1.000000
0  -0.322173 0.116924 0.382057  0.565485 -0.804979 -0.179542  0.267241 0.067302 1 1 1.000000
0  -0.338372 0.127222 0.274569  0.395612 -0.898042 -0.192386  0.270979 0.177370 1 1 1.000000
baby_seat
0  -0.360361 0.147656 0.180132  -0.231042 0.138761 -0.962998  0.260550 0.272727 1 1 1.000000
0  -0.338372 0.127222 0.274569  0.395612 -0.898042 -0.192386  0.270979 0.177370 1 1 1.000000
0  -0.357926 0.143261 0.180666  0.745650 -0.108782 -0.657399  0.265718 0.272436 1 1 1.000000
baby_seat
0  -0.524334 0.128645 0.443060  0.816909 0.559030 0.141933  0.442279 0.132140 1 1 1.000000
0  -0.523506 0.119718 0.465905  0.553421 -0.822494 -0.131260  0.454545 0.108587 1 1 1.000000
0  -0.527253 0.123042 0.442561  0.465450 -0.884157 0.040281  0.448821 0.131893 1 1 1.000000
baby_seat
0  -0.517363 0.129058 0.422489  0.074084 0.976168 0.203980  0.439940 0.157343 1 1 1.000000
0  -0.527253 0.123042 0.442561  0.465450 -0.884157 0.040281  0.448821 0.131893 1 1 1.000000
0  -0.517045 0.121558 0.425056  0.358903 -0.801004 0.479147  0.448873 0.155346 1 1 1.000000
baby_seat
0  -0.360347 0.076158 0.179764  -0.620568 -0.365530 -0.693746  0.048951 0.035506 1 1 1.000000
0  -0.357926 0.143261 0.180666  0.745650 -0.108782 -0.657399  0.023596 0.109640 1 1 1.000000
0  -0.351544 0.079746 0.180318  0.609000 0.157734 -0.777328  0.037909 0.036555 1 1 1.000000
baby_seat
0  -0.335876 0.068145 0.186392  0.908858 -0.044186 -0.414757  0.667414 0.694513 1 1 1.000000
0  -0.356004 0.072146 0.298333  0.071946 -0.996988 0.028976  0.797190 0.667353 1 1 1.000000
0  -0.343251 0.060965 0.186420  0.066024 -0.893763 -0.443654  0.670882 0.702797 1 1 1.000000
baby_seat
0  -0.349190 0.079629 0.299565  0.959275 0.097341 0.265172  0.795319 0.659113 1 1 1.000000
0  -0.363562 0.072004 0.317698  0.226010 -0.773285 -0.592410  0.821439 0.667100 1 1 1.000000
0  -0.356004 0.072146 0.298333  0.071946 -0.996988 0.028976  0.797190 0.667353 1 1 1.000000
baby_seat
0  -0.343251 0.060965 0.186420  0.066024 -0.893763 -0.443654  0.034182 0.012576 1 1 1.000000
0  -0.351544 0.079746 0.180318  0.609000 0.157734 -0.777328  0.037909 0.036555 1 1 1.000000
0  -0.335876 0.068145 0.186392  0.908858 -0.044186 -0.414757  0.023596 0.018135 1 1 1.000000
baby_seat
0  -0.673745 0.069317 0.649515  -0.830490 0.304212 0.466628  0.182608 0.095895 1 1 1.000000
0  -0.672463 0.021816 0.652148  0.358753 -0.042570 0.932461  0.180679 0.151305 1 1 1.000000
0  -0.664207 0.068210 0.653221  0.383119 0.153506 0.910854  0.170991 0.097170 1 1 1.000000
baby_seat
0  -0.523746 0.128844 0.464970  0.705617 0.654474 -0.271603  0.443853 0.108715 1 1 1.000000
0  -0.511663 0.136976 0.489584  0.991964 -0.122173 -0.032886  0.436172 0.086673 1 1 1.000000
0  -0.523506 0.119718 0.465905  0.553421 -0.822494 -0.131260  0.454545 0.108587 1 1 1.000000
baby_seat
0  -0.517964 0.144549 0.486604  0.220552 0.876900 -0.427086  0.427249 0.086518 1 1 1.000000
0  -0.512058 0.137675 0.501176  0.945190 -0.079102 0.316796  0.436329 0.073923 1 1 1.000000
0  -0.511663 0.136976 0.489584  0.991964 -0.122173 -0.032886  0.436172 0.086673 1 1 1.000000
baby_seat
0  -0.518359 0.145248 0.498195  0.202098 0.977815 -0.055079  0.427407 0.073768 1 1 1.000000
0  -0.517859 0.138536 0.511107  0.794897 -0.086677 0.600521  0.436277 0.060612 1 1 1.000000
0  -0.512058 0.137675 0.501176  0.945190 -0.079102 0.316796  0.436329 0.073923 1 1 1.000000
baby_seat
0  -0.524160 0.146109 0.508126  0.023295 0.963567 0.266452  0.427354 0.060457 1 1 1.000000
0  -0.549988 0.125018 0.533296  0.316828 -0.567891 0.759684  0.454545 0.023879 1 1 1.000000
0  -0.517859 0.138536 0.511107  0.794897 -0.086677 0.600521  0.436277 0.060612 1 1 1.000000
baby_seat
0  -0.681999 0.022378 0.648356  -0.924128 0.051473 0.378599  0.192308 0.150667 1 1 1.000000
0  -0.672460 -0.002559 0.652106  0.389890 -0.004710 0.920849  0.180668 0.179745 1 1 1.000000
0  -0.672463 0.021816 0.652148  0.358753 -0.042570 0.932461  0.180679 0.151305 1 1 1.000000
baby_seat
0  -0.372557 -0.095517 0.303690  0.687979 -0.527451 0.498479  0.429048 0.869899 1 1 1.000000
0  -0.362779 -0.073813 0.334392  0.669602 -0.464330 0.579682  0.445295 0.835896 1 1 1.000000
0  -0.375355 -0.089487 0.316981  0.346951 -0.811738 0.469794  0.442031 0.861072 1 1 1.000000
baby_seat
0  -0.355298 0.145317 0.423587  -0.235432 0.764891 -0.599594  0.155749 0.337914 1 1 1.000000
0  -0.380158 0.145242 0.436955  -0.047778 0.551362 0.832897  0.186520 0.349650 1 1 1.000000
0  -0.351657 0.145269 0.432926  0.301885 0.572752 0.762116  0.152946 0.349259 1 1 1.000000
baby_seat
0  -0.333201 0.145400 0.408455  -0.112326 0.794162 -0.597236  0.127908 0.323726 1 1 1.000000
0  -0.351657 0.145269 0.432926  0.301885 0.572752 0.762116  0.152946 0.349259 1 1 1.000000
0  -0.325493 0.145370 0.414556  0.797291 0.496713 0.342932  0.119912 0.331935 1 1 1.000000
baby_seat
0  -0.454122 0.157197 0.400134  0.091161 0.697554 -0.710710  0.266809 0.295409 1 1 1.000000
0  -0.480935 0.153482 0.412994  -0.034845 0.588487 0.807755  0.299675 0.306448 1 1 1.000000
0  -0.455298 0.157146 0.410093  -0.066064 0.725425 0.685124  0.269670 0.306748 1 1 1.000000
baby_seat
0  -0.379150 0.145293 0.427019  0.129983 0.750960 -0.647429  0.183856 0.338311 1 1 1.000000
0  -0.455298 0.157146 0.410093  -0.066064 0.725425 0.685124  0.269670 0.306748 1 1 1.000000
0  -0.380158 0.145242 0.436955  -0.047778 0.551362 0.832897  0.186520 0.349650 1 1 1.000000
baby_seat
0  -0.517045 0.121558 0.425056  0.358903 -0.801004 0.479147  0.342497 0.316587 1 1 1.000000
0  -0.484069 0.153531 0.403420  -0.415359 0.737525 -0.532479  0.301857 0.294908 1 1 1.000000
0  -0.517363 0.129058 0.422489  0.074084 0.976168 0.203980  0.342657 0.313195 1 1 1.000000
baby_seat
0  -0.322707 0.123155 0.381202  0.702766 0.683577 -0.197084  0.111123 0.294908 1 1 1.000000
0  -0.325493 0.145370 0.414556  0.797291 0.496713 0.342932  0.119912 0.331935 1 1 1.000000
0  -0.322173 0.116924 0.382057  0.565485 -0.804979 -0.179542  0.110484 0.296290 1 1 1.000000
baby_seat
0  -0.644949 -0.111064 0.606981  0.628554 -0.610913 0.481358  0.276636 0.042746 1 1 1.000000
0  -0.668558 -0.094173 0.636531  -0.734776 -0.634074 0.240945  0.266894 0.000495 1 1 1.000000
0  -0.654487 -0.112137 0.603264  -0.629981 -0.776416 0.017397  0.287047 0.036813 1 1 1.000000
baby_seat
0  -0.659020 -0.093099 0.640248  0.446376 -0.541356 0.712519  0.166983 0.285444 1 1 1.000000
0  -0.673711 -0.074404 0.648775  -0.830353 -0.309392 0.463456  0.182608 0.263588 1 1 1.000000
0  -0.668558 -0.094173 0.636531  -0.734776 -0.634074 0.240945  0.178601 0.286713 1 1 1.000000
baby_seat
0  -0.338312 -0.128288 0.273254  0.395200 0.900164 -0.183088  0.012238 0.439034 1 1 1.000000
0  -0.322649 -0.125311 0.379923  0.703106 -0.681163 -0.204102  0.001237 0.547267 1 1 1.000000
0  -0.332948 -0.138008 0.273226  0.862742 -0.494323 -0.106396  0.001237 0.435243 1 1 1.000000
baby_seat
0  -0.357858 -0.143369 0.179191  0.745574 0.115919 -0.656264  0.007264 0.344211 1 1 1.000000
0  -0.332948 -0.138008 0.273226  0.862742 -0.494323 -0.106396  0.001237 0.435243 1 1 1.000000
0  -0.360291 -0.147759 0.178612  -0.230961 -0.128939 -0.964381  0.002155 0.343985 1 1 1.000000
baby_seat
0  -0.527194 -0.125927 0.441280  0.465014 0.883922 0.049428  0.107172 0.110918 1 1 1.000000
0  -0.523684 -0.131958 0.463628  0.705950 -0.651295 -0.278298  0.112430 0.087717 1 1 1.000000
0  -0.524273 -0.131534 0.441721  0.817168 -0.560075 0.136204  0.113787 0.111159 1 1 1.000000
baby_seat
0  -0.516987 -0.124258 0.423791  0.358497 0.796222 0.487350  0.107198 0.134366 1 1 1.000000
0  -0.524273 -0.131534 0.441721  0.817168 -0.560075 0.136204  0.113787 0.111159 1 1 1.000000
0  -0.517301 -0.131732 0.421147  0.074561 -0.978181 0.193915  0.116099 0.136364 1 1 1.000000
baby_seat
0  -0.351506 -0.079851 0.179497  0.609058 -0.149430 -0.778921  0.286161 0.119391 1 1 1.000000
0  -0.360291 -0.147759 0.178612  -0.230961 -0.128939 -0.964381  0.273142 0.040560 1 1 1.000000
0  -0.360311 -0.076261 0.178980  -0.620744 0.372366 -0.689942  0.297203 0.120438 1 1 1.000000
baby_seat
0  -0.343222 -0.061130 0.185791  0.065570 0.898300 -0.434463  0.347692 0.148038 1 1 1.000000
0  -0.349152 -0.080960 0.298739  0.959318 -0.099609 0.264173  0.356643 0.021240 1 1 1.000000
0  -0.335843 -0.068305 0.185690  0.908847 0.048901 -0.414253  0.356462 0.150350 1 1 1.000000
baby_seat
0  -0.355970 -0.073468 0.297584  0.071480 0.996671 0.039200  0.101798 0.045845 1 1 1.000000
0  -0.358108 -0.078765 0.322299  0.874705 -0.369834 0.313231  0.106826 0.017124 1 1 1.000000
0  -0.349152 -0.080960 0.298739  0.959318 -0.099609 0.264173  0.110140 0.046262 1 1 1.000000
baby_seat
0  -0.335843 -0.068305 0.185690  0.908847 0.048901 -0.414253  0.271845 0.137800 1 1 1.000000
0  -0.360311 -0.076261 0.178980  -0.620744 0.372366 -0.689942  0.297203 0.120438 1 1 1.000000
0  -0.343222 -0.061130 0.185791  0.065570 0.898300 -0.434463  0.282430 0.143357 1 1 1.000000
baby_seat
0  -0.664173 -0.073331 0.652492  0.383195 -0.162651 0.909234  0.170991 0.262318 1 1 1.000000
0  -0.681988 -0.027460 0.648100  -0.924105 -0.055761 0.378048  0.192308 0.208816 1 1 1.000000
0  -0.673711 -0.074404 0.648775  -0.830353 -0.309392 0.463456  0.182608 0.263588 1 1 1.000000
baby_seat
0  -0.523448 -0.122841 0.464656  0.553063 0.824044 -0.122771  0.101752 0.087589 1 1 1.000000
0  -0.517895 -0.147882 0.485099  0.220930 -0.872358 -0.436098  0.129371 0.065492 1 1 1.000000
0  -0.523684 -0.131958 0.463628  0.705950 -0.651295 -0.278298  0.112430 0.087717 1 1 1.000000
baby_seat
0  -0.511597 -0.140337 0.488157  0.991905 0.122982 -0.031627  0.120625 0.065634 1 1 1.000000
0  -0.518290 -0.148700 0.496682  0.202577 -0.977096 -0.065159  0.129311 0.052734 1 1 1.000000
0  -0.517895 -0.147882 0.485099  0.220930 -0.872358 -0.436098  0.129371 0.065492 1 1 1.000000
baby_seat
0  -0.511992 -0.141155 0.499741  0.945148 0.076333 0.317598  0.120565 0.052876 1 1 1.000000
0  -0.524090 -0.149666 0.506604  0.023753 -0.966256 0.256488  0.129319 0.039426 1 1 1.000000
0  -0.518290 -0.148700 0.496682  0.202577 -0.977096 -0.065159  0.129311 0.052734 1 1 1.000000
baby_seat
0  -0.517792 -0.142122 0.509662  0.794868 0.080875 0.601368  0.120573 0.039568 1 1 1.000000
0  -0.551591 -0.138009 0.531672  0.129253 -0.723007 0.678642  0.112356 0.001622 1 1 1.000000
0  -0.524090 -0.149666 0.506604  0.023753 -0.966256 0.256488  0.129319 0.039426 1 1 1.000000
baby_seat
0  -0.672452 -0.026932 0.651897  0.358683 0.033624 0.932854  0.180679 0.208184 1 1 1.000000
0  -0.681993 -0.002541 0.648228  -0.920720 -0.002265 0.390217  0.192308 0.179742 1 1 1.000000
0  -0.681988 -0.027460 0.648100  -0.924105 -0.055761 0.378048  0.192308 0.208816 1 1 1.000000
baby_seat
0  -0.357320 0.014763 0.336016  0.999441 0.016630 0.029000  0.036734 0.710392 1 1 1.000000
0  -0.363546 -0.000762 0.317323  0.236501 0.005053 -0.971618  0.054196 0.692330 1 1 1.000000
0  -0.363562 0.072004 0.317698  0.226010 -0.773285 -0.592410  0.054195 0.777227 1 1 1.000000
baby_seat
0  -0.351588 -0.147971 0.431417  0.302162 -0.580426 0.756177  0.075024 0.045415 1 1 1.000000
0  -0.379081 -0.147947 0.425509  0.130512 -0.743934 -0.655384  0.063847 0.076230 1 1 1.000000
0  -0.355229 -0.147924 0.422077  -0.235071 -0.758790 -0.607436  0.063651 0.048144 1 1 1.000000
baby_seat
0  -0.325424 -0.147870 0.413047  0.797530 -0.499843 0.337791  0.057924 0.012300 1 1 1.000000
0  -0.355229 -0.147924 0.422077  -0.235071 -0.758790 -0.607436  0.063651 0.048144 1 1 1.000000
0  -0.333132 -0.147840 0.406946  -0.111911 -0.788027 -0.605383  0.049653 0.020237 1 1 1.000000
baby_seat
0  -0.455223 -0.159660 0.408462  -0.065713 -0.732482 0.677608  0.032174 0.162112 1 1 1.000000
0  -0.483995 -0.155991 0.401827  -0.415035 -0.732169 -0.540070  0.019932 0.194090 1 1 1.000000
0  -0.454047 -0.159609 0.398504  0.091497 -0.690150 -0.717859  0.020848 0.159181 1 1 1.000000
baby_seat
0  -0.380088 -0.147998 0.435446  -0.047508 -0.559933 0.827174  0.075175 0.078963 1 1 1.000000
0  -0.454047 -0.159609 0.398504  0.091497 -0.690150 -0.717859  0.020848 0.159181 1 1 1.000000
0  -0.379081 -0.147947 0.425509  0.130512 -0.743934 -0.655384  0.063847 0.076230 1 1 1.000000
baby_seat
0  -0.517301 -0.131732 0.421147  0.074561 -0.978181 0.193915  0.036848 0.234266 1 1 1.000000
0  -0.480861 -0.156039 0.411401  -0.034535 -0.596777 0.801664  0.031495 0.191983 1 1 1.000000
0  -0.516987 -0.124258 0.423791  0.358497 0.796222 0.487350  0.039908 0.233910 1 1 1.000000
baby_seat
0  -0.322118 -0.119089 0.380843  0.565094 0.807055 -0.171263  0.021040 0.001825 1 1 1.000000
0  -0.333132 -0.147840 0.406946  -0.111911 -0.788027 -0.605383  0.049653 0.020237 1 1 1.000000
0  -0.322649 -0.125311 0.379923  0.703106 -0.681163 -0.204102  0.019932 0.002635 1 1 1.000000
baby_seat
0  -0.593013 0.127830 0.535226  -0.177138 0.857667 0.482732  0.149632 0.144570 1 1 1.000000
0  -0.628261 0.115193 0.564169  0.673935 0.437900 0.595025  0.150413 0.091279 1 1 1.000000
0  -0.588906 0.119223 0.536287  0.509518 -0.525912 0.681035  0.154098 0.147442 1 1 1.000000
baby_seat
0  -0.635261 -0.123488 0.557871  -0.572351 -0.816532 -0.075429  0.314221 0.087053 1 1 1.000000
0  -0.588849 -0.123102 0.535040  0.509268 0.519128 0.686405  0.300689 0.145821 1 1 1.000000
0  -0.628206 -0.119378 0.562962  0.674149 -0.443701 0.590468  0.304324 0.089882 1 1 1.000000
baby_seat
0  -0.551656 0.134181 0.533072  0.128917 0.716039 0.686053  0.263165 0.275847 1 1 1.000000
0  -0.588906 0.119223 0.536287  0.509518 -0.525912 0.681035  0.307872 0.286523 1 1 1.000000
0  -0.549988 0.125018 0.533296  0.316828 -0.567891 0.759684  0.262867 0.286713 1 1 1.000000
baby_seat
0  -0.592952 -0.131700 0.533890  -0.176733 -0.862678 0.473870  0.104895 0.105523 1 1 1.000000
0  -0.549928 -0.128847 0.531989  0.316552 0.560196 0.765490  0.094029 0.153846 1 1 1.000000
0  -0.588849 -0.123102 0.535040  0.509268 0.519128 0.686405  0.094222 0.108844 1 1 1.000000
baby_seat
0  -0.635318 0.119352 0.559121  -0.572741 0.816991 -0.067027  0.140420 0.088662 1 1 1.000000
0  -0.645000 0.106418 0.608100  0.628281 0.606199 0.487632  0.178160 0.043653 1 1 1.000000
0  -0.628261 0.115193 0.564169  0.673935 0.437900 0.595025  0.150413 0.091279 1 1 1.000000
baby_seat
0  -0.628206 -0.119378 0.562962  0.674149 -0.443701 0.590468  0.304324 0.089882 1 1 1.000000
0  -0.654487 -0.112137 0.603264  -0.629981 -0.776416 0.017397  0.287047 0.036813 1 1 1.000000
0  -0.635261 -0.123488 0.557871  -0.572351 -0.816532 -0.075429  0.314221 0.087053 1 1 1.000000
baby_seat
0  -0.353853 0.117869 0.427190  0.264477 -0.786294 0.558385  0.391063 0.433707 1 1 1.000000
0  -0.376036 0.142031 0.302214  0.421233 -0.833755 0.356952  0.519087 0.508361 1 1 1.000000
0  -0.330307 0.118007 0.410690  0.520155 -0.777605 0.353227  0.388278 0.467112 1 1 1.000000
baby_seat
0  -0.355292 0.122929 0.423473  -0.249809 0.724321 -0.642616  0.224611 0.441775 1 1 1.000000
0  -0.379074 0.147036 0.299971  -0.407154 0.854714 -0.322009  0.094341 0.511692 1 1 1.000000
0  -0.395303 0.146965 0.312957  -0.387984 0.813596 -0.433048  0.094076 0.487442 1 1 1.000000
baby_seat
0  -0.566138 0.023603 0.331505  0.971060 0.073779 0.227155  0.713720 0.385172 1 1 1.000000
0  -0.493904 0.061959 0.321912  -0.113179 0.112973 0.987131  0.795647 0.429868 1 1 1.000000
0  -0.559187 0.088810 0.335190  0.678163 0.052262 0.733051  0.722307 0.461270 1 1 1.000000
baby_seat
0  -0.563540 0.091597 0.327054  -0.461314 0.280537 -0.841718  0.579971 0.214344 1 1 1.000000
0  -0.493544 0.061028 0.311902  0.003899 -0.071225 -0.997453  0.615714 0.135436 1 1 1.000000
0  -0.571229 0.024093 0.323139  -0.505687 0.063653 -0.860365  0.658749 0.223776 1 1 1.000000
baby_seat
0  -0.482156 0.125990 0.408322  0.238550 -0.755309 0.610412  0.503545 0.333338 1 1 1.000000
0  -0.558088 0.116225 0.382086  0.250704 -0.948066 0.195752  0.583972 0.284463 1 1 1.000000
0  -0.532135 0.116614 0.356962  0.129752 -0.961128 0.243718  0.587116 0.326475 1 1 1.000000
baby_seat
0  -0.484063 0.131143 0.403307  -0.250297 0.737533 -0.627213  0.110908 0.340440 1 1 1.000000
0  -0.559893 0.125762 0.380130  -0.235352 0.950915 -0.200924  0.034324 0.289054 1 1 1.000000
0  -0.517363 0.129058 0.422489  0.074084 0.976168 0.203980  0.103740 0.296184 1 1 1.000000
baby_seat
0  -0.368557 0.142462 0.281544  0.499279 -0.847655 0.179446  0.123365 0.871024 1 1 1.000000
0  -0.372602 0.094123 0.304666  0.687712 0.522625 0.503899  0.145182 0.929582 1 1 1.000000
0  -0.363139 0.094077 0.282153  0.864574 0.473101 0.169373  0.116794 0.927175 1 1 1.000000
baby_seat
0  -0.371512 0.147136 0.280610  -0.542686 0.830608 -0.124829  0.985807 0.588452 1 1 1.000000
0  -0.379061 0.090239 0.299677  -0.711122 -0.455451 -0.535602  0.919544 0.564201 1 1 1.000000
0  -0.379074 0.147036 0.299971  -0.407154 0.854714 -0.322009  0.985811 0.564202 1 1 1.000000
baby_seat
0  -0.527253 0.123042 0.442561  0.465450 -0.884157 0.040281  0.506579 0.267255 1 1 1.000000
0  -0.551436 0.127253 0.436608  -0.132791 -0.989114 0.063403  0.529865 0.250260 1 1 1.000000
0  -0.517045 0.121558 0.425056  0.358903 -0.801004 0.479147  0.514688 0.289389 1 1 1.000000
baby_seat
0  -0.524334 0.128645 0.443060  0.816909 0.559030 0.141933  0.117168 0.274687 1 1 1.000000
0  -0.549609 0.137229 0.436105  0.167569 0.984257 -0.056209  0.091762 0.257055 1 1 1.000000
0  -0.547469 0.135356 0.445953  0.199461 0.979856 0.009888  0.102327 0.251700 1 1 1.000000
baby_seat
0  -0.330307 0.118007 0.410690  0.520155 -0.777605 0.353227  0.388278 0.467112 1 1 1.000000
0  -0.368557 0.142462 0.281544  0.499279 -0.847655 0.179446  0.532026 0.530510 1 1 1.000000
0  -0.322173 0.116924 0.382057  0.565485 -0.804979 -0.179542  0.407903 0.495717 1 1 1.000000
baby_seat
0  -0.333194 0.123013 0.408341  -0.555554 0.714843 -0.424688  0.227273 0.472910 1 1 1.000000
0  -0.371512 0.147136 0.280610  -0.542686 0.830608 -0.124829  0.082457 0.532825 1 1 1.000000
0  -0.379074 0.147036 0.299971  -0.407154 0.854714 -0.322009  0.094341 0.511692 1 1 1.000000
baby_seat
0  -0.392663 0.093218 0.320938  0.369003 0.560346 0.741519  0.912484 0.466324 1 1 1.000000
0  -0.413571 0.112334 0.325151  0.200060 -0.120448 0.972352  0.888983 0.488651 1 1 1.000000
0  -0.416185 0.091907 0.325620  -0.030860 0.469004 0.882657  0.886048 0.464820 1 1 1.000000
baby_seat
0  -0.395289 0.090169 0.312663  -0.260621 -0.338078 -0.904312  0.581720 0.021561 1 1 1.000000
0  -0.415843 0.114365 0.315920  -0.156114 0.169590 -0.973071  0.553472 0.044909 1 1 1.000000
0  -0.395303 0.146965 0.312957  -0.387984 0.813596 -0.433048  0.515451 0.021561 1 1 1.000000
baby_seat
0  -0.322173 0.116924 0.382057  0.565485 -0.804979 -0.179542  0.407903 0.495717 1 1 1.000000
0  -0.357926 0.143261 0.180666  0.745650 -0.108782 -0.657399  0.614510 0.615385 1 1 1.000000
0  -0.338372 0.127222 0.274569  0.395612 -0.898042 -0.192386  0.516112 0.561981 1 1 1.000000
baby_seat
0  -0.333013 0.136945 0.274641  0.862511 0.495791 -0.101324  0.106059 0.571939 1 1 1.000000
0  -0.371512 0.147136 0.280610  -0.542686 0.830608 -0.124829  0.082457 0.532825 1 1 1.000000
0  -0.322707 0.123155 0.381202  0.702766 0.683577 -0.197084  0.210531 0.502432 1 1 1.000000
baby_seat
0  -0.610281 -0.113041 0.538481  0.710186 0.590221 0.383764  0.671159 0.269983 1 1 1.000000
0  -0.583716 -0.132326 0.486133  0.390158 0.920663 -0.012507  0.644996 0.332685 1 1 1.000000
0  -0.592993 -0.116981 0.447177  0.791007 0.583836 0.182877  0.602287 0.353433 1 1 1.000000
baby_seat
0  -0.617165 -0.118779 0.535079  -0.703241 -0.607122 -0.369939  0.321406 0.120427 1 1 1.000000
0  -0.587660 -0.141380 0.485933  -0.401800 -0.915621 0.013933  0.344667 0.182154 1 1 1.000000
0  -0.592952 -0.131700 0.533890  -0.176733 -0.862678 0.473870  0.304952 0.142531 1 1 1.000000
baby_seat
0  -0.376036 0.142031 0.302214  0.421233 -0.833755 0.356952  0.148858 0.873751 1 1 1.000000
0  -0.392663 0.093218 0.320938  0.369003 0.560346 0.741519  0.171329 0.932775 1 1 1.000000
0  -0.372602 0.094123 0.304666  0.687712 0.522625 0.503899  0.145182 0.929582 1 1 1.000000
baby_seat
0  -0.379074 0.147036 0.299971  -0.407154 0.854714 -0.322009  0.985811 0.564202 1 1 1.000000
0  -0.395289 0.090169 0.312663  -0.260621 -0.338078 -0.904312  0.919634 0.543369 1 1 1.000000
0  -0.395303 0.146965 0.312957  -0.387984 0.813596 -0.433048  0.985902 0.543369 1 1 1.000000
baby_seat
0  -0.478736 0.032154 0.333990  -0.497052 0.026499 0.867316  0.815128 0.395151 1 1 1.000000
0  -0.467590 -0.000931 0.345364  -0.497842 -0.004578 0.867256  0.829847 0.356602 1 1 1.000000
0  -0.467772 0.029974 0.345332  -0.442031 0.133205 0.887054  0.829615 0.392661 1 1 1.000000
baby_seat
0  -0.493544 0.061028 0.311902  0.003899 -0.071225 -0.997453  0.615714 0.135436 1 1 1.000000
0  -0.400329 0.045842 0.333688  0.025836 -0.144478 -0.989171  0.633342 0.024376 1 1 1.000000
0  -0.477383 0.030914 0.323961  0.136877 -0.136644 -0.981118  0.650796 0.114987 1 1 1.000000
baby_seat
0  -0.363139 0.094077 0.282153  0.864574 0.473101 0.169373  0.799578 0.570312 1 1 1.000000
0  -0.335876 0.068145 0.186392  0.908858 -0.044186 -0.414757  0.698331 0.515418 1 1 1.000000
0  -0.351544 0.079746 0.180318  0.609000 0.157734 -0.777328  0.706094 0.496857 1 1 1.000000
baby_seat
0  -0.371500 0.090341 0.280317  -0.903353 -0.391129 -0.175985  0.919541 0.588450 1 1 1.000000
0  -0.343251 0.060965 0.186420  0.066024 -0.893763 -0.443654  0.884747 0.702436 1 1 1.000000
0  -0.356004 0.072146 0.298333  0.071946 -0.996988 0.028976  0.898240 0.575007 1 1 1.000000
baby_seat
0  -0.372602 0.094123 0.304666  0.687712 0.522625 0.503899  0.825968 0.581027 1 1 1.000000
0  -0.349190 0.079629 0.299565  0.959275 0.097341 0.265172  0.802628 0.596940 1 1 1.000000
0  -0.363139 0.094077 0.282153  0.864574 0.473101 0.169373  0.799578 0.570312 1 1 1.000000
baby_seat
0  -0.379061 0.090239 0.299677  -0.711122 -0.455451 -0.535602  0.808074 0.690898 1 1 1.000000
0  -0.356004 0.072146 0.298333  0.071946 -0.996988 0.028976  0.797190 0.667353 1 1 1.000000
0  -0.363562 0.072004 0.317698  0.226010 -0.773285 -0.592410  0.821439 0.667100 1 1 1.000000
baby_seat
0  -0.392618 -0.094789 0.319971  0.369269 -0.567778 0.735710  0.458969 0.872992 1 1 1.000000
0  -0.375355 -0.089487 0.316981  0.346951 -0.811738 0.469794  0.442031 0.861072 1 1 1.000000
0  -0.392816 -0.088806 0.332214  0.137791 -0.762767 0.631823  0.468949 0.862886 1 1 1.000000
baby_seat
0  -0.395289 0.090169 0.312663  -0.260621 -0.338078 -0.904312  0.829182 0.702797 1 1 1.000000
0  -0.363562 0.072004 0.317698  0.226010 -0.773285 -0.592410  0.821439 0.667100 1 1 1.000000
0  -0.379788 0.067997 0.330668  -0.298534 -0.366376 -0.881275  0.842657 0.679179 1 1 1.000000
baby_seat
0  -0.357320 0.014763 0.336016  0.999441 0.016630 0.029000  0.036734 0.710392 1 1 1.000000
0  -0.362814 0.072109 0.335144  0.669368 0.458639 0.584463  0.035623 0.777363 1 1 1.000000
0  -0.362095 0.013699 0.347227  0.789476 0.064983 0.610332  0.022514 0.709223 1 1 1.000000
baby_seat
0  -0.415837 0.090148 0.315795  0.031021 -0.152139 -0.987872  0.581727 0.044908 1 1 1.000000
0  -0.379788 0.067997 0.330668  -0.298534 -0.366376 -0.881275  0.607508 0.001030 1 1 1.000000
0  -0.400329 0.045842 0.333688  0.025836 -0.144478 -0.989171  0.633342 0.024376 1 1 1.000000
baby_seat
0  -0.557503 -0.000868 0.328976  0.883448 -0.002211 0.468524  0.723308 0.356606 1 1 1.000000
0  -0.478736 0.032154 0.333990  -0.497052 0.026499 0.867316  0.815128 0.395151 1 1 1.000000
0  -0.493904 0.061959 0.321912  -0.113179 0.112973 0.987131  0.795647 0.429868 1 1 1.000000
baby_seat
0  -0.558703 -0.000817 0.319005  -0.149670 0.005053 -0.988723  0.687833 0.209849 1 1 1.000000
0  -0.477383 0.030914 0.323961  0.136877 -0.136644 -0.981118  0.650796 0.114987 1 1 1.000000
0  -0.538616 -0.000806 0.317667  0.129323 0.005118 -0.991589  0.687828 0.186779 1 1 1.000000
baby_seat
0  -0.351544 0.079746 0.180318  0.609000 0.157734 -0.777328  0.000470 0.933566 1 1 1.000000
0  -0.368557 0.142462 0.281544  0.499279 -0.847655 0.179446  0.123365 0.871024 1 1 1.000000
0  -0.363139 0.094077 0.282153  0.864574 0.473101 0.169373  0.116794 0.927175 1 1 1.000000
baby_seat
0  -0.360347 0.076158 0.179764  -0.620568 -0.365530 -0.693746  0.902593 0.702794 1 1 1.000000
0  -0.371512 0.147136 0.280610  -0.542686 0.830608 -0.124829  0.985807 0.588452 1 1 1.000000
0  -0.360361 0.147656 0.180132  -0.231042 0.138761 -0.962998  0.986014 0.702797 1 1 1.000000
baby_seat
0  -0.454466 0.129659 0.404938  -0.044334 -0.781246 0.622648  0.485825 0.360837 1 1 1.000000
0  -0.532135 0.116614 0.356962  0.129752 -0.961128 0.243718  0.587116 0.326475 1 1 1.000000
0  -0.479362 0.117893 0.347821  0.116321 -0.972217 0.203133  0.555893 0.380607 1 1 1.000000
baby_seat
0  -0.454117 0.134809 0.400021  0.053713 0.744340 -0.665637  0.129849 0.369932 1 1 1.000000
0  -0.533405 0.126407 0.354890  -0.126999 0.961730 -0.242788  0.031080 0.331625 1 1 1.000000
0  -0.484063 0.131143 0.403307  -0.250297 0.737533 -0.627213  0.110908 0.340440 1 1 1.000000
baby_seat
0  -0.479306 -0.119781 0.346598  0.115858 0.970129 0.213136  0.596702 0.530426 1 1 1.000000
0  -0.379605 -0.120497 0.429897  -0.032095 0.777724 0.627786  0.745632 0.558037 1 1 1.000000
0  -0.404747 -0.133206 0.342326  0.163073 0.986062 -0.033013  0.649046 0.600523 1 1 1.000000
baby_seat
0  -0.480320 -0.129546 0.344582  -0.113010 -0.970599 -0.212525  0.393229 0.383848 1 1 1.000000
0  -0.379086 -0.125560 0.425626  0.079987 -0.718127 -0.691300  0.245264 0.415805 1 1 1.000000
0  -0.454052 -0.137221 0.398621  0.054060 -0.737422 -0.673265  0.325174 0.367387 1 1 1.000000
baby_seat
0  -0.599611 0.088080 0.446707  0.880483 0.327718 0.342566  0.837198 0.943394 1 1 1.000000
0  -0.620094 0.088426 0.539936  0.926320 -0.183914 0.328797  0.727332 0.944165 1 1 1.000000
0  -0.626221 0.022453 0.538287  0.632948 0.224282 0.740996  0.726087 0.867265 1 1 1.000000
baby_seat
0  -0.636005 0.022998 0.535300  -0.954974 0.053097 -0.291900  0.320931 0.754050 1 1 1.000000
0  -0.629144 0.090778 0.536412  -0.923869 0.201912 -0.325110  0.318949 0.833079 1 1 1.000000
0  -0.609195 0.090913 0.444627  -0.950105 0.234064 -0.206189  0.210500 0.832794 1 1 1.000000
baby_seat
0  -0.550813 -0.000948 0.344870  0.494079 -0.004365 0.869406  0.001243 0.042720 1 1 1.000000
0  -0.554909 -0.018296 0.349385  0.919512 -0.051631 0.389656  0.005245 0.062937 1 1 1.000000
0  -0.550153 -0.000947 0.344680  0.844501 -0.002576 0.535547  0.000511 0.042719 1 1 1.000000
baby_seat
0  -0.558703 -0.000817 0.319005  -0.149670 0.005053 -0.988723  0.687833 0.209849 1 1 1.000000
0  -0.571223 -0.000841 0.323010  -0.554060 0.004153 -0.832466  0.687841 0.223776 1 1 1.000000
0  -0.571229 0.024093 0.323139  -0.505687 0.063653 -0.860365  0.658749 0.223776 1 1 1.000000
baby_seat
0  -0.599611 0.088080 0.446707  0.880483 0.327718 0.342566  0.019017 0.140184 1 1 1.000000
0  -0.615961 0.022188 0.542952  0.239199 0.384538 0.891580  0.000401 0.255245 1 1 1.000000
0  -0.589168 0.083069 0.451024  0.446336 0.801268 0.398438  0.005673 0.141461 1 1 1.000000
baby_seat
0  -0.636005 0.022998 0.535300  -0.954974 0.053097 -0.291900  0.320931 0.754050 1 1 1.000000
0  -0.596176 -0.000997 0.352281  -0.895983 0.002076 -0.444084  0.104802 0.725171 1 1 1.000000
0  -0.635999 -0.001948 0.535172  -0.955223 0.001296 -0.295883  0.320931 0.724944 1 1 1.000000
baby_seat
0  -0.416185 0.091907 0.325620  -0.030860 0.469004 0.882657  0.886048 0.464820 1 1 1.000000
0  -0.492740 0.089243 0.324401  0.095044 -0.196745 0.975837  0.797376 0.461714 1 1 1.000000
0  -0.493904 0.061959 0.321912  -0.113179 0.112973 0.987131  0.795647 0.429868 1 1 1.000000
baby_seat
0  -0.415837 0.090148 0.315795  0.031021 -0.152139 -0.987872  0.581727 0.044908 1 1 1.000000
0  -0.493838 0.091641 0.314644  -0.104185 0.220402 -0.969829  0.579983 0.135400 1 1 1.000000
0  -0.415843 0.114365 0.315920  -0.156114 0.169590 -0.973071  0.553472 0.044909 1 1 1.000000
baby_seat
0  -0.645000 0.106418 0.608100  0.628281 0.606199 0.487632  0.642799 0.965545 1 1 1.000000
0  -0.659063 0.088106 0.641180  0.446129 0.534190 0.718060  0.600766 0.944392 1 1 1.000000
0  -0.664207 0.068210 0.653221  0.383119 0.153506 0.910854  0.585380 0.921256 1 1 1.000000
baby_seat
0  -0.671292 0.029992 0.625458  -0.926952 0.106278 -0.359812  0.433841 0.762773 1 1 1.000000
0  -0.673628 0.026186 0.629471  -0.926952 0.106286 -0.359811  0.439204 0.758363 1 1 1.000000
0  -0.673745 0.069317 0.649515  -0.830490 0.304212 0.466628  0.460904 0.808748 1 1 1.000000
baby_seat
0  -0.571171 0.021070 0.369058  0.894441 -0.053242 0.444005  0.939517 0.863957 1 1 1.000000
0  -0.565634 0.076382 0.369961  0.834082 0.337080 0.436674  0.941253 0.928424 1 1 1.000000
0  -0.582083 0.076210 0.448762  0.897062 0.324300 0.300181  0.848762 0.928523 1 1 1.000000
baby_seat
0  -0.563540 0.091597 0.327054  -0.461314 0.280537 -0.841718  0.063348 0.832860 1 1 1.000000
0  -0.596182 0.023949 0.352409  -0.892479 0.053907 -0.447857  0.104802 0.754277 1 1 1.000000
0  -0.589358 0.091373 0.353515  -0.845933 0.270782 -0.459429  0.102831 0.832890 1 1 1.000000
baby_seat
0  -0.379661 0.117799 0.431124  -0.031689 -0.784168 0.619738  0.406800 0.407662 1 1 1.000000
0  -0.392175 0.141578 0.316610  0.427396 -0.797499 0.425826  0.518237 0.483142 1 1 1.000000
0  -0.353853 0.117869 0.427190  0.264477 -0.786294 0.558385  0.391063 0.433707 1 1 1.000000
baby_seat
0  -0.379145 0.122906 0.426905  0.079654 0.725236 -0.683877  0.210099 0.417699 1 1 1.000000
0  -0.395303 0.146965 0.312957  -0.387984 0.813596 -0.433048  0.094076 0.487442 1 1 1.000000
0  -0.406769 0.140997 0.343509  -0.111878 0.992996 0.037989  0.113495 0.454478 1 1 1.000000
baby_seat
0  -0.523506 0.119718 0.465905  0.553421 -0.822494 -0.131260  0.482933 0.253016 1 1 1.000000
0  -0.549734 0.125388 0.445741  -0.142987 -0.989489 -0.021580  0.520451 0.244873 1 1 1.000000
0  -0.527253 0.123042 0.442561  0.465450 -0.884157 0.040281  0.506579 0.267255 1 1 1.000000
baby_seat
0  -0.523746 0.128844 0.464970  0.705617 0.654474 -0.271603  0.137351 0.259033 1 1 1.000000
0  -0.547469 0.135356 0.445953  0.199461 0.979856 0.009888  0.102327 0.251700 1 1 1.000000
0  -0.548100 0.135759 0.459077  0.201178 0.979510 -0.009343  0.113675 0.241436 1 1 1.000000
baby_seat
0  -0.569792 0.126580 0.417284  0.234287 -0.949980 0.206515  0.560905 0.248222 1 1 1.000000
0  -0.573423 0.108164 0.364994  0.651792 -0.667510 0.359997  0.610932 0.283094 1 1 1.000000
0  -0.558088 0.116225 0.382086  0.250704 -0.948066 0.195752  0.583972 0.284463 1 1 1.000000
baby_seat
0  -0.571931 0.135942 0.415777  -0.226946 0.951381 -0.208253  0.057022 0.251908 1 1 1.000000
0  -0.579371 0.114848 0.361531  -0.646115 0.668089 -0.369043  0.003775 0.285140 1 1 1.000000
0  -0.600387 0.120401 0.446699  -0.776080 0.605250 -0.177122  0.064762 0.203272 1 1 1.000000
baby_seat
0  -0.523506 0.119718 0.465905  0.553421 -0.822494 -0.131260  0.482933 0.253016 1 1 1.000000
0  -0.570195 0.130825 0.485244  -0.014285 -0.999336 -0.033528  0.500178 0.197333 1 1 1.000000
0  -0.550280 0.125744 0.459154  -0.169975 -0.985407 -0.009014  0.508824 0.234387 1 1 1.000000
baby_seat
0  -0.523746 0.128844 0.464970  0.705617 0.654474 -0.271603  0.137351 0.259033 1 1 1.000000
0  -0.570062 0.140896 0.485552  0.013949 0.998842 0.046049  0.121054 0.202075 1 1 1.000000
0  -0.551656 0.134181 0.533072  0.128917 0.716039 0.686053  0.177870 0.183547 1 1 1.000000
baby_seat
0  -0.511663 0.136976 0.489584  0.991964 -0.122173 -0.032886  0.452454 0.246798 1 1 1.000000
0  -0.512058 0.137675 0.501176  0.945190 -0.079102 0.316796  0.442340 0.237824 1 1 1.000000
0  -0.517859 0.138536 0.511107  0.794897 -0.086677 0.600521  0.437746 0.225260 1 1 1.000000
baby_seat
0  -0.524160 0.146109 0.508126  0.023295 0.963567 0.266452  0.175010 0.226879 1 1 1.000000
0  -0.517964 0.144549 0.486604  0.220552 0.876900 -0.427086  0.160261 0.248366 1 1 1.000000
0  -0.523746 0.128844 0.464970  0.705617 0.654474 -0.271603  0.137351 0.259033 1 1 1.000000
baby_seat
0  -0.605827 0.020219 0.530644  0.861297 0.182845 0.474063  0.749455 0.863589 1 1 1.000000
0  -0.571091 -0.001077 0.368895  0.898107 -0.002050 0.439772  0.939602 0.838117 1 1 1.000000
0  -0.571171 0.021070 0.369058  0.894441 -0.053242 0.444005  0.939517 0.863957 1 1 1.000000
baby_seat
0  -0.571223 -0.000841 0.323010  -0.554060 0.004153 -0.832466  0.062604 0.725060 1 1 1.000000
0  -0.596182 0.023949 0.352409  -0.892479 0.053907 -0.447857  0.104802 0.754277 1 1 1.000000
0  -0.571229 0.024093 0.323139  -0.505687 0.063653 -0.860365  0.062604 0.754152 1 1 1.000000
baby_seat
0  -0.626221 0.022453 0.538287  0.632948 0.224282 0.740996  0.726087 0.867265 1 1 1.000000
0  -0.653201 0.022081 0.604719  0.922371 -0.096485 0.374063  0.642427 0.867243 1 1 1.000000
0  -0.652816 0.017184 0.603765  0.926508 -0.000570 0.376274  0.643600 0.861524 1 1 1.000000
baby_seat
0  -0.662863 0.017195 0.601294  -0.926280 0.001712 -0.376832  0.404063 0.747699 1 1 1.000000
0  -0.663284 0.022630 0.602355  -0.927938 0.060430 -0.367803  0.405363 0.754048 1 1 1.000000
0  -0.636005 0.022998 0.535300  -0.954974 0.053097 -0.291900  0.320931 0.754050 1 1 1.000000
baby_seat
0  -0.478528 -0.000876 0.334024  -0.438694 -0.004786 0.898624  0.815391 0.356613 1 1 1.000000
0  -0.467757 -0.031835 0.345014  -0.441973 -0.142521 0.885634  0.829615 0.320543 1 1 1.000000
0  -0.467590 -0.000931 0.345364  -0.497842 -0.004578 0.867256  0.829847 0.356602 1 1 1.000000
baby_seat
0  -0.400318 -0.000854 0.333447  -0.013390 0.005143 -0.999897  0.687826 0.024376 1 1 1.000000
0  -0.477383 0.030914 0.323961  0.136877 -0.136644 -0.981118  0.650796 0.114987 1 1 1.000000
0  -0.400329 0.045842 0.333688  0.025836 -0.144478 -0.989171  0.633342 0.024376 1 1 1.000000
baby_seat
0  -0.493904 0.061959 0.321912  -0.113179 0.112973 0.987131  0.795647 0.429868 1 1 1.000000
0  -0.467772 0.029974 0.345332  -0.442031 0.133205 0.887054  0.829615 0.392661 1 1 1.000000
0  -0.480975 0.057862 0.334031  -0.493388 0.372316 0.786097  0.812532 0.425146 1 1 1.000000
baby_seat
0  -0.379772 -0.000833 0.330314  -0.401580 0.004619 -0.915812  0.687818 0.001031 1 1 1.000000
0  -0.400329 0.045842 0.333688  0.025836 -0.144478 -0.989171  0.633342 0.024376 1 1 1.000000
0  -0.379788 0.067997 0.330668  -0.298534 -0.366376 -0.881275  0.607508 0.001030 1 1 1.000000
baby_seat
0  -0.493874 -0.063589 0.321266  -0.113152 -0.123220 0.985907  0.541958 0.954545 1 1 1.000000
0  -0.413290 -0.087634 0.336607  -0.143428 -0.659338 0.738039  0.489382 0.876113 1 1 1.000000
0  -0.480947 -0.059611 0.333426  -0.493194 -0.380601 0.782242  0.541154 0.933741 1 1 1.000000
baby_seat
0  -0.363546 -0.000762 0.317323  0.236501 0.005053 -0.971618  0.257757 0.870771 1 1 1.000000
0  -0.379788 0.067997 0.330668  -0.298534 -0.366376 -0.881275  0.177359 0.891608 1 1 1.000000
0  -0.363562 0.072004 0.317698  0.226010 -0.773285 -0.592410  0.172856 0.870771 1 1 1.000000
baby_seat
0  -0.478736 0.032154 0.333990  -0.497052 0.026499 0.867316  0.815128 0.395151 1 1 1.000000
0  -0.539810 -0.000858 0.327791  -0.139451 -0.005215 0.990215  0.743568 0.356610 1 1 1.000000
0  -0.478528 -0.000876 0.334024  -0.438694 -0.004786 0.898624  0.815391 0.356613 1 1 1.000000
baby_seat
0  -0.477383 0.030914 0.323961  0.136877 -0.136644 -0.981118  0.650796 0.114987 1 1 1.000000
0  -0.477376 -0.000823 0.323797  0.111943 0.005141 -0.993701  0.687826 0.114987 1 1 1.000000
0  -0.538616 -0.000806 0.317667  0.129323 0.005118 -0.991589  0.687828 0.186779 1 1 1.000000
baby_seat
0  -0.480935 0.153482 0.412994  -0.034845 0.588487 0.807755  0.298658 0.542160 1 1 1.000000
0  -0.454466 0.129659 0.404938  -0.044334 -0.781246 0.622648  0.268592 0.569186 1 1 1.000000
0  -0.455298 0.157146 0.410093  -0.066064 0.725425 0.685124  0.269622 0.537107 1 1 1.000000
baby_seat
0  -0.484069 0.153531 0.403420  -0.415359 0.737525 -0.532479  0.041422 0.402506 1 1 1.000000
0  -0.454117 0.134809 0.400021  0.053713 0.744340 -0.665637  0.021107 0.437655 1 1 1.000000
0  -0.484063 0.131143 0.403307  -0.250297 0.737533 -0.627213  0.015327 0.403671 1 1 1.000000
baby_seat
0  -0.380158 0.145242 0.436955  -0.047778 0.551362 0.832897  0.178131 0.548375 1 1 1.000000
0  -0.353853 0.117869 0.427190  0.264477 -0.786294 0.558385  0.148413 0.579561 1 1 1.000000
0  -0.351657 0.145269 0.432926  0.301885 0.572752 0.762116  0.145849 0.547482 1 1 1.000000
baby_seat
0  -0.379150 0.145293 0.427019  0.129983 0.750960 -0.647429  0.037486 0.527674 1 1 1.000000
0  -0.355292 0.122929 0.423473  -0.249809 0.724321 -0.642616  0.012609 0.555944 1 1 1.000000
0  -0.379145 0.122906 0.426905  0.079654 0.725236 -0.683877  0.011391 0.528839 1 1 1.000000
baby_seat
0  -0.455298 0.157146 0.410093  -0.066064 0.725425 0.685124  0.269622 0.537107 1 1 1.000000
0  -0.379661 0.117799 0.431124  -0.031689 -0.784168 0.619738  0.177598 0.580419 1 1 1.000000
0  -0.380158 0.145242 0.436955  -0.047778 0.551362 0.832897  0.178131 0.548375 1 1 1.000000
baby_seat
0  -0.454122 0.157197 0.400134  0.091161 0.697554 -0.710710  0.047203 0.436490 1 1 1.000000
0  -0.379145 0.122906 0.426905  0.079654 0.725236 -0.683877  0.011391 0.528839 1 1 1.000000
0  -0.454117 0.134809 0.400021  0.053713 0.744340 -0.665637  0.021107 0.437655 1 1 1.000000
baby_seat
0  -0.351657 0.145269 0.432926  0.301885 0.572752 0.762116  0.172529 0.328671 1 1 1.000000
0  -0.330307 0.118007 0.410690  0.520155 -0.777605 0.353227  0.141263 0.294703 1 1 1.000000
0  -0.325493 0.145370 0.414556  0.797291 0.496713 0.342932  0.173077 0.297432 1 1 1.000000
baby_seat
0  -0.355298 0.145317 0.423587  -0.235432 0.764891 -0.599594  0.269013 0.248356 1 1 1.000000
0  -0.333194 0.123013 0.408341  -0.555554 0.714843 -0.424688  0.294726 0.274476 1 1 1.000000
0  -0.355292 0.122929 0.423473  -0.249809 0.724321 -0.642616  0.269144 0.274476 1 1 1.000000
baby_seat
0  -0.517045 0.121558 0.425056  0.358903 -0.801004 0.479147  0.337413 0.580419 1 1 1.000000
0  -0.482156 0.125990 0.408322  0.238550 -0.755309 0.610412  0.299922 0.574307 1 1 1.000000
0  -0.480935 0.153482 0.412994  -0.034845 0.588487 0.807755  0.298658 0.542160 1 1 1.000000
baby_seat
0  -0.517363 0.129058 0.422489  0.074084 0.976168 0.203980  0.011391 0.367988 1 1 1.000000
0  -0.484069 0.153531 0.403420  -0.415359 0.737525 -0.532479  0.041422 0.402506 1 1 1.000000
0  -0.484063 0.131143 0.403307  -0.250297 0.737533 -0.627213  0.015327 0.403671 1 1 1.000000
baby_seat
0  -0.325493 0.145370 0.414556  0.797291 0.496713 0.342932  0.173077 0.297432 1 1 1.000000
0  -0.330307 0.118007 0.410690  0.520155 -0.777605 0.353227  0.141263 0.294703 1 1 1.000000
0  -0.322173 0.116924 0.382057  0.565485 -0.804979 -0.179542  0.140716 0.260142 1 1 1.000000
baby_seat
0  -0.333201 0.145400 0.408455  -0.112326 0.794162 -0.597236  0.294594 0.248356 1 1 1.000000
0  -0.322707 0.123155 0.381202  0.702766 0.683577 -0.197084  0.328671 0.274306 1 1 1.000000
0  -0.333194 0.123013 0.408341  -0.555554 0.714843 -0.424688  0.294726 0.274476 1 1 1.000000
baby_seat
0  -0.375968 -0.143399 0.300745  0.420837 0.830238 0.365513  0.633689 0.657261 1 1 1.000000
0  -0.353797 -0.120514 0.425963  0.264097 0.780629 0.566455  0.761290 0.584157 1 1 1.000000
0  -0.330251 -0.120471 0.409463  0.519786 0.774175 0.361214  0.763986 0.617595 1 1 1.000000
baby_seat
0  -0.379004 -0.148381 0.298450  -0.406695 -0.851565 -0.330811  0.360794 0.508421 1 1 1.000000
0  -0.355233 -0.125536 0.422194  -0.249477 -0.717785 -0.650035  0.230803 0.439884 1 1 1.000000
0  -0.395233 -0.148452 0.311436  -0.387589 -0.809280 -0.441407  0.360998 0.484189 1 1 1.000000
baby_seat
0  -0.493874 -0.063589 0.321266  -0.113152 -0.123220 0.985907  0.795647 0.283381 1 1 1.000000
0  -0.557503 -0.000868 0.328976  0.883448 -0.002211 0.468524  0.723308 0.356606 1 1 1.000000
0  -0.566126 -0.025369 0.331253  0.971094 -0.075642 0.226393  0.713720 0.328032 1 1 1.000000
baby_seat
0  -0.571217 -0.025775 0.322882  -0.505658 -0.055036 -0.860977  0.716934 0.223776 1 1 1.000000
0  -0.558703 -0.000817 0.319005  -0.149670 0.005053 -0.988723  0.687833 0.209849 1 1 1.000000
0  -0.493514 -0.062555 0.311266  0.003863 0.081491 -0.996667  0.759909 0.135436 1 1 1.000000
baby_seat
0  -0.558033 -0.118502 0.380878  0.250249 0.946125 0.205480  0.568862 0.434176 1 1 1.000000
0  -0.482095 -0.128501 0.407012  0.238196 0.749097 0.618156  0.649331 0.482909 1 1 1.000000
0  -0.532079 -0.118620 0.355751  0.129288 0.958635 0.253582  0.565615 0.476196 1 1 1.000000
baby_seat
0  -0.559833 -0.128019 0.378824  -0.234920 -0.948904 -0.210697  0.420769 0.286865 1 1 1.000000
0  -0.484000 -0.133603 0.401944  -0.249951 -0.731156 -0.634772  0.344137 0.338064 1 1 1.000000
0  -0.517301 -0.131732 0.421147  0.074561 -0.978181 0.193915  0.351244 0.293927 1 1 1.000000
baby_seat
0  -0.372557 -0.095517 0.303690  0.687979 -0.527451 0.498479  0.861256 0.051029 1 1 1.000000
0  -0.368490 -0.143614 0.280071  0.498877 0.846001 0.188160  0.919690 0.072855 1 1 1.000000
0  -0.363094 -0.095234 0.281178  0.864798 -0.474411 0.164497  0.863674 0.079417 1 1 1.000000
baby_seat
0  -0.379018 -0.091585 0.298741  -0.711338 0.460605 -0.530888  0.359627 0.933687 1 1 1.000000
0  -0.371442 -0.148279 0.279089  -0.542293 -0.829536 -0.133374  0.383754 1.000000 1 1 1.000000
0  -0.379004 -0.148381 0.298450  -0.406695 -0.851565 -0.330811  0.359505 0.999954 1 1 1.000000
baby_seat
0  -0.570132 -0.134170 0.483880  -0.014759 0.999621 -0.023239  0.653175 0.346558 1 1 1.000000
0  -0.523448 -0.122841 0.464656  0.553063 0.824044 -0.122771  0.670007 0.402888 1 1 1.000000
0  -0.550219 -0.128811 0.457844  -0.170447 0.985366 0.001116  0.644318 0.383861 1 1 1.000000
baby_seat
0  -0.569994 -0.144242 0.484084  0.014422 -0.999256 0.035764  0.333398 0.199333 1 1 1.000000
0  -0.523684 -0.131958 0.463628  0.705950 -0.651295 -0.278298  0.317516 0.256856 1 1 1.000000
0  -0.551591 -0.138009 0.531672  0.129253 -0.723007 0.678642  0.276647 0.181216 1 1 1.000000
baby_seat
0  -0.368490 -0.143614 0.280071  0.498877 0.846001 0.188160  0.620707 0.679364 1 1 1.000000
0  -0.330251 -0.120471 0.409463  0.519786 0.774175 0.361214  0.763986 0.617595 1 1 1.000000
0  -0.322118 -0.119089 0.380843  0.565094 0.807055 -0.171263  0.744270 0.646210 1 1 1.000000
baby_seat
0  -0.371442 -0.148279 0.279089  -0.542293 -0.829536 -0.133374  0.372739 0.529520 1 1 1.000000
0  -0.333136 -0.125453 0.407063  -0.555194 -0.710704 -0.432042  0.228219 0.470998 1 1 1.000000
0  -0.379004 -0.148381 0.298450  -0.406695 -0.851565 -0.330811  0.360794 0.508421 1 1 1.000000
baby_seat
0  -0.416142 -0.093538 0.324666  -0.030613 -0.478094 0.877775  0.886047 0.248445 1 1 1.000000
0  -0.392107 -0.143102 0.315145  0.427035 0.793272 0.434006  0.912328 0.190567 1 1 1.000000
0  -0.392618 -0.094789 0.319971  0.369269 -0.567778 0.735710  0.912484 0.246959 1 1 1.000000
baby_seat
0  -0.415794 -0.091678 0.314859  0.030950 0.162307 -0.986255  0.793880 0.044908 1 1 1.000000
0  -0.395233 -0.148452 0.311436  -0.387589 -0.809280 -0.441407  0.860140 0.021561 1 1 1.000000
0  -0.415789 -0.115894 0.314734  -0.156029 -0.159606 -0.974772  0.822135 0.044909 1 1 1.000000
baby_seat
0  -0.357858 -0.143369 0.179191  0.745574 0.115919 -0.656264  0.538059 0.763986 1 1 1.000000
0  -0.322118 -0.119089 0.380843  0.565094 0.807055 -0.171263  0.744270 0.646210 1 1 1.000000
0  -0.338312 -0.128288 0.273254  0.395200 0.900164 -0.183088  0.636179 0.711655 1 1 1.000000
baby_seat
0  -0.332948 -0.138008 0.273226  0.862742 -0.494323 -0.106396  0.349457 0.569130 1 1 1.000000
0  -0.371442 -0.148279 0.279089  -0.542293 -0.829536 -0.133374  0.372739 0.529520 1 1 1.000000
0  -0.360291 -0.147759 0.178612  -0.230961 -0.128939 -0.964381  0.455420 0.613636 1 1 1.000000
baby_seat
0  -0.527194 -0.125927 0.441280  0.465014 0.883922 0.049428  0.646412 0.416897 1 1 1.000000
0  -0.550219 -0.128811 0.457844  -0.170447 0.985366 0.001116  0.644318 0.383861 1 1 1.000000
0  -0.523448 -0.122841 0.464656  0.553063 0.824044 -0.122771  0.670007 0.402888 1 1 1.000000
baby_seat
0  -0.524273 -0.131534 0.441721  0.817168 -0.560075 0.136204  0.337759 0.272482 1 1 1.000000
0  -0.548035 -0.138824 0.457664  0.201649 -0.979265 -0.019432  0.341003 0.238906 1 1 1.000000
0  -0.547404 -0.138285 0.444544  0.199903 -0.979816 -0.000192  0.352396 0.249167 1 1 1.000000
baby_seat
0  -0.392618 -0.094789 0.319971  0.369269 -0.567778 0.735710  0.857742 0.024912 1 1 1.000000
0  -0.375968 -0.143399 0.300745  0.420837 0.830238 0.365513  0.916981 0.047360 1 1 1.000000
0  -0.372557 -0.095517 0.303690  0.687979 -0.527451 0.498479  0.861256 0.051029 1 1 1.000000
baby_seat
0  -0.395246 -0.091656 0.311727  -0.260826 0.347253 -0.900769  0.338794 0.933558 1 1 1.000000
0  -0.379004 -0.148381 0.298450  -0.406695 -0.851565 -0.330811  0.359505 0.999954 1 1 1.000000
0  -0.395233 -0.148452 0.311436  -0.387589 -0.809280 -0.441407  0.338671 0.999826 1 1 1.000000
baby_seat
0  -0.358145 0.077188 0.323102  0.874527 0.367008 0.317029  0.829474 0.609052 1 1 1.000000
0  -0.375397 0.087955 0.317894  0.346588 0.807028 0.478104  0.839267 0.589942 1 1 1.000000
0  -0.362814 0.072109 0.335144  0.669368 0.458639 0.584463  0.843325 0.615385 1 1 1.000000
baby_seat
0  -0.400307 -0.047550 0.333207  0.025762 0.154662 -0.987631  0.742311 0.024376 1 1 1.000000
0  -0.493514 -0.062555 0.311266  0.003863 0.081491 -0.996667  0.759909 0.135436 1 1 1.000000
0  -0.477368 -0.032559 0.323634  0.136808 0.146801 -0.979660  0.724856 0.114987 1 1 1.000000
baby_seat
0  -0.335843 -0.068305 0.185690  0.908847 0.048901 -0.414253  0.300162 0.936194 1 1 1.000000
0  -0.363094 -0.095234 0.281178  0.864798 -0.474411 0.164497  0.402667 0.880657 1 1 1.000000
0  -0.351506 -0.079851 0.179497  0.609058 -0.149430 -0.778921  0.308501 0.954545 1 1 1.000000
baby_seat
0  -0.343222 -0.061130 0.185791  0.065570 0.898300 -0.434463  0.083003 0.176220 1 1 1.000000
0  -0.371457 -0.091484 0.279381  -0.903539 0.392493 -0.171952  0.079735 0.061164 1 1 1.000000
0  -0.355970 -0.073468 0.297584  0.071480 0.996671 0.039200  0.101798 0.045845 1 1 1.000000
baby_seat
0  -0.349152 -0.080960 0.298739  0.959318 -0.099609 0.264173  0.404994 0.854270 1 1 1.000000
0  -0.372557 -0.095517 0.303690  0.687979 -0.527451 0.498479  0.429048 0.869899 1 1 1.000000
0  -0.363094 -0.095234 0.281178  0.864798 -0.474411 0.164497  0.402667 0.880657 1 1 1.000000
baby_seat
0  -0.355970 -0.073468 0.297584  0.071480 0.996671 0.039200  0.101798 0.045845 1 1 1.000000
0  -0.379018 -0.091585 0.298741  -0.711338 0.460605 -0.530888  0.076863 0.037090 1 1 1.000000
0  -0.363528 -0.073529 0.316949  0.225627 0.779457 -0.584414  0.098929 0.021767 1 1 1.000000
baby_seat
0  -0.416185 0.091907 0.325620  -0.030860 0.469004 0.882657  0.879219 0.562421 1 1 1.000000
0  -0.480975 0.057862 0.334031  -0.493388 0.372316 0.786097  0.939958 0.517724 1 1 1.000000
0  -0.413331 0.085883 0.337500  -0.143738 0.651642 0.744784  0.886747 0.574882 1 1 1.000000
baby_seat
0  -0.363528 -0.073529 0.316949  0.225627 0.779457 -0.584414  0.098929 0.021767 1 1 1.000000
0  -0.395246 -0.091656 0.311727  -0.260826 0.347253 -0.900769  0.062344 0.017667 1 1 1.000000
0  -0.379755 -0.069663 0.329960  -0.298714 0.375283 -0.877458  0.084256 0.002464 1 1 1.000000
baby_seat
0  -0.357313 -0.016476 0.335855  0.999449 -0.016446 0.028811  0.036734 0.673945 1 1 1.000000
0  -0.362095 0.013699 0.347227  0.789476 0.064983 0.610332  0.022514 0.709223 1 1 1.000000
0  -0.362088 -0.015530 0.347077  0.789572 -0.070918 0.609546  0.022514 0.675120 1 1 1.000000
baby_seat
0  -0.379755 -0.069663 0.329960  -0.298714 0.375283 -0.877458  0.768128 0.001030 1 1 1.000000
0  -0.415794 -0.091678 0.314859  0.030950 0.162307 -0.986255  0.793880 0.044908 1 1 1.000000
0  -0.400307 -0.047550 0.333207  0.025762 0.154662 -0.987631  0.742311 0.024376 1 1 1.000000
baby_seat
0  -0.478720 -0.033904 0.333650  -0.497044 -0.035665 0.866992  0.815128 0.318075 1 1 1.000000
0  -0.557503 -0.000868 0.328976  0.883448 -0.002211 0.468524  0.723308 0.356606 1 1 1.000000
0  -0.493874 -0.063589 0.321266  -0.113152 -0.123220 0.985907  0.795647 0.283381 1 1 1.000000
baby_seat
0  -0.477368 -0.032559 0.323634  0.136808 0.146801 -0.979660  0.724856 0.114987 1 1 1.000000
0  -0.558703 -0.000817 0.319005  -0.149670 0.005053 -0.988723  0.687833 0.209849 1 1 1.000000
0  -0.538616 -0.000806 0.317667  0.129323 0.005118 -0.991589  0.687828 0.186779 1 1 1.000000
baby_seat
0  -0.368490 -0.143614 0.280071  0.498877 0.846001 0.188160  0.919690 0.072855 1 1 1.000000
0  -0.351506 -0.079851 0.179497  0.609058 -0.149430 -0.778921  0.856604 0.195804 1 1 1.000000
0  -0.363094 -0.095234 0.281178  0.864798 -0.474411 0.164497  0.863674 0.079417 1 1 1.000000
baby_seat
0  -0.371442 -0.148279 0.279089  -0.542293 -0.829536 -0.133374  0.383754 1.000000 1 1 1.000000
0  -0.360311 -0.076261 0.178980  -0.620744 0.372366 -0.689942  0.498252 0.916579 1 1 1.000000
0  -0.360291 -0.147759 0.178612  -0.230961 -0.128939 -0.964381  0.498100 1.000000 1 1 1.000000
baby_seat
0  -0.532079 -0.118620 0.355751  0.129288 0.958635 0.253582  0.565615 0.476196 1 1 1.000000
0  -0.454404 -0.132122 0.403590  -0.044690 0.774769 0.630663  0.667049 0.510317 1 1 1.000000
0  -0.479306 -0.119781 0.346598  0.115858 0.970129 0.213136  0.596702 0.530426 1 1 1.000000
baby_seat
0  -0.533345 -0.128392 0.353578  -0.126553 -0.959250 -0.252634  0.424111 0.329374 1 1 1.000000
0  -0.454052 -0.137221 0.398621  0.054060 -0.737422 -0.673265  0.325174 0.367387 1 1 1.000000
0  -0.484000 -0.133603 0.401944  -0.249951 -0.731156 -0.634772  0.344137 0.338064 1 1 1.000000
baby_seat
0  -0.626209 -0.026375 0.538036  0.633063 -0.231598 0.738643  0.726087 0.810297 1 1 1.000000
0  -0.620052 -0.092359 0.539005  0.926241 0.180936 0.330665  0.727332 0.733239 1 1 1.000000
0  -0.599568 -0.091044 0.445785  0.880622 -0.330837 0.339192  0.837198 0.734408 1 1 1.000000
baby_seat
0  -0.596170 -0.025943 0.352152  -0.892435 -0.049687 -0.448432  0.104802 0.696065 1 1 1.000000
0  -0.589314 -0.093372 0.352565  -0.845801 -0.266444 -0.462199  0.102831 0.617338 1 1 1.000000
0  -0.609151 -0.093860 0.443676  -0.950001 -0.232354 -0.208588  0.210500 0.617209 1 1 1.000000
baby_seat
0  -0.599568 -0.091044 0.445785  0.880622 -0.330837 0.339192  0.529699 0.700917 1 1 1.000000
0  -0.571234 -0.085835 0.364574  0.455874 -0.852889 0.254479  0.526469 0.801346 1 1 1.000000
0  -0.589128 -0.086073 0.450154  0.446703 -0.805120 0.390176  0.516325 0.699857 1 1 1.000000
baby_seat
0  -0.571223 -0.000841 0.323010  -0.554060 0.004153 -0.832466  0.687841 0.223776 1 1 1.000000
0  -0.558703 -0.000817 0.319005  -0.149670 0.005053 -0.988723  0.687833 0.209849 1 1 1.000000
0  -0.571217 -0.025775 0.322882  -0.505658 -0.055036 -0.860977  0.716934 0.223776 1 1 1.000000
baby_seat
0  -0.571160 -0.023224 0.368830  0.894384 0.049057 0.444602  0.939517 0.812278 1 1 1.000000
0  -0.549836 -0.078383 0.352543  0.902995 -0.206112 0.376985  0.966092 0.747646 1 1 1.000000
0  -0.554909 -0.018296 0.349385  0.919512 -0.051631 0.389656  0.967654 0.817807 1 1 1.000000
baby_seat
0  -0.596176 -0.000997 0.352281  -0.895983 0.002076 -0.444084  0.104802 0.725171 1 1 1.000000
0  -0.635993 -0.026894 0.535044  -0.954938 -0.050525 -0.292475  0.320931 0.695838 1 1 1.000000
0  -0.635999 -0.001948 0.535172  -0.955223 0.001296 -0.295883  0.320931 0.724944 1 1 1.000000
baby_seat
0  -0.492698 -0.090897 0.323474  0.094957 0.186729 0.977812  0.797376 0.251530 1 1 1.000000
0  -0.416142 -0.093538 0.324666  -0.030613 -0.478094 0.877775  0.886047 0.248445 1 1 1.000000
0  -0.493874 -0.063589 0.321266  -0.113152 -0.123220 0.985907  0.795647 0.283381 1 1 1.000000
baby_seat
0  -0.493794 -0.093195 0.313693  -0.104088 -0.210448 -0.972048  0.795647 0.135400 1 1 1.000000
0  -0.415794 -0.091678 0.314859  0.030950 0.162307 -0.986255  0.793880 0.044908 1 1 1.000000
0  -0.415789 -0.115894 0.314734  -0.156029 -0.159606 -0.974772  0.822135 0.044909 1 1 1.000000
baby_seat
0  -0.644949 -0.111064 0.606981  0.628554 -0.610913 0.481358  0.642799 0.711804 1 1 1.000000
0  -0.626209 -0.026375 0.538036  0.633063 -0.231598 0.738643  0.726087 0.810297 1 1 1.000000
0  -0.664173 -0.073331 0.652492  0.383195 -0.162651 0.909234  0.585380 0.756119 1 1 1.000000
baby_seat
0  -0.662939 -0.030931 0.602933  -0.926907 -0.102993 -0.360883  0.406160 0.691555 1 1 1.000000
0  -0.629100 -0.094679 0.535458  -0.923775 -0.199002 -0.327165  0.318949 0.616695 1 1 1.000000
0  -0.654487 -0.112137 0.603264  -0.629981 -0.776416 0.017397  0.403525 0.596740 1 1 1.000000
baby_seat
0  -0.605827 0.020219 0.530644  0.861297 0.182845 0.474063  0.749455 0.863589 1 1 1.000000
0  -0.571171 0.021070 0.369058  0.894441 -0.053242 0.444005  0.939517 0.863957 1 1 1.000000
0  -0.582083 0.076210 0.448762  0.897062 0.324300 0.300181  0.848762 0.928523 1 1 1.000000
baby_seat
0  -0.596170 -0.025943 0.352152  -0.892435 -0.049687 -0.448432  0.104802 0.696065 1 1 1.000000
0  -0.563496 -0.093312 0.326103  -0.461147 -0.272086 -0.844578  0.063348 0.617117 1 1 1.000000
0  -0.589314 -0.093372 0.352565  -0.845801 -0.266444 -0.462199  0.102831 0.617338 1 1 1.000000
baby_seat
0  -0.353797 -0.120514 0.425963  0.264097 0.780629 0.566455  0.761290 0.584157 1 1 1.000000
0  -0.404747 -0.133206 0.342326  0.163073 0.986062 -0.033013  0.649046 0.600523 1 1 1.000000
0  -0.379605 -0.120497 0.429897  -0.032095 0.777724 0.627786  0.745632 0.558037 1 1 1.000000
baby_seat
0  -0.355233 -0.125536 0.422194  -0.249477 -0.717785 -0.650035  0.230803 0.439884 1 1 1.000000
0  -0.406702 -0.142805 0.342049  -0.111398 -0.993389 0.027741  0.341616 0.451559 1 1 1.000000
0  -0.395233 -0.148452 0.311436  -0.387589 -0.809280 -0.441407  0.360998 0.484189 1 1 1.000000
baby_seat
0  -0.558033 -0.118502 0.380878  0.250249 0.946125 0.205480  0.568862 0.434176 1 1 1.000000
0  -0.551375 -0.130088 0.435283  -0.133301 0.988340 0.073581  0.623281 0.399601 1 1 1.000000
0  -0.516987 -0.124258 0.423791  0.358497 0.796222 0.487350  0.638213 0.439094 1 1 1.000000
baby_seat
0  -0.559833 -0.128019 0.378824  -0.234920 -0.948904 -0.210697  0.420769 0.286865 1 1 1.000000
0  -0.549544 -0.140057 0.434677  0.168032 -0.983548 -0.066322  0.362939 0.254414 1 1 1.000000
0  -0.571866 -0.138572 0.414364  -0.226479 -0.949297 -0.218041  0.397721 0.249285 1 1 1.000000
baby_seat
0  -0.516987 -0.124258 0.423791  0.358497 0.796222 0.487350  0.638213 0.439094 1 1 1.000000
0  -0.549673 -0.128316 0.444435  -0.143489 0.989586 -0.011370  0.632662 0.394332 1 1 1.000000
0  -0.527194 -0.125927 0.441280  0.465014 0.883922 0.049428  0.646412 0.416897 1 1 1.000000
baby_seat
0  -0.517301 -0.131732 0.421147  0.074561 -0.978181 0.193915  0.351244 0.293927 1 1 1.000000
0  -0.547404 -0.138285 0.444544  0.199903 -0.979816 -0.000192  0.352396 0.249167 1 1 1.000000
0  -0.549544 -0.140057 0.434677  0.168032 -0.983548 -0.066322  0.362939 0.254414 1 1 1.000000
baby_seat
0  -0.523448 -0.122841 0.464656  0.553063 0.824044 -0.122771  0.670007 0.402888 1 1 1.000000
0  -0.549928 -0.128847 0.531989  0.316552 0.560196 0.765490  0.711081 0.328950 1 1 1.000000
0  -0.517792 -0.142122 0.509662  0.794868 0.080875 0.601368  0.715670 0.374358 1 1 1.000000
baby_seat
0  -0.524090 -0.149666 0.506604  0.023753 -0.966256 0.256488  0.279346 0.223944 1 1 1.000000
0  -0.551591 -0.138009 0.531672  0.129253 -0.723007 0.678642  0.276647 0.181216 1 1 1.000000
0  -0.523684 -0.131958 0.463628  0.705950 -0.651295 -0.278298  0.317516 0.256856 1 1 1.000000
baby_seat
0  -0.582046 -0.079187 0.447962  0.897213 -0.326958 0.296827  0.848763 0.747218 1 1 1.000000
0  -0.565597 -0.078540 0.369164  0.834254 -0.341164 0.433159  0.941254 0.747674 1 1 1.000000
0  -0.571160 -0.023224 0.368830  0.894384 0.049057 0.444602  0.939517 0.812278 1 1 1.000000
baby_seat
0  -0.596170 -0.025943 0.352152  -0.892435 -0.049687 -0.448432  0.104802 0.696065 1 1 1.000000
0  -0.571223 -0.000841 0.323010  -0.554060 0.004153 -0.832466  0.062604 0.725060 1 1 1.000000
0  -0.571217 -0.025775 0.322882  -0.505658 -0.055036 -0.860977  0.062604 0.695968 1 1 1.000000
baby_seat
0  -0.664876 -0.021949 0.633282  0.926510 -0.002893 0.376258  0.606176 0.816050 1 1 1.000000
0  -0.664858 -0.002460 0.633388  0.926513 -0.001718 0.376260  0.606180 0.838787 1 1 1.000000
0  -0.672460 -0.002559 0.652106  0.389890 -0.004710 0.920849  0.582607 0.838789 1 1 1.000000
baby_seat
0  -0.681993 -0.002541 0.648228  -0.920720 -0.002265 0.390217  0.463287 0.724973 1 1 1.000000
0  -0.674947 -0.002450 0.630907  -0.926280 0.001716 -0.376832  0.441476 0.724968 1 1 1.000000
0  -0.674942 -0.021939 0.630806  -0.926279 0.001715 -0.376834  0.441476 0.702229 1 1 1.000000
baby_seat
0  -0.477368 -0.032559 0.323634  0.136808 0.146801 -0.979660  0.724856 0.114987 1 1 1.000000
0  -0.400318 -0.000854 0.333447  -0.013390 0.005143 -0.999897  0.687826 0.024376 1 1 1.000000
0  -0.400307 -0.047550 0.333207  0.025762 0.154662 -0.987631  0.742311 0.024376 1 1 1.000000
baby_seat
0  -0.392663 0.093218 0.320938  0.369003 0.560346 0.741519  0.855950 0.577910 1 1 1.000000
0  -0.413331 0.085883 0.337500  -0.143738 0.651642 0.744784  0.886747 0.574882 1 1 1.000000
0  -0.392857 0.087109 0.333119  0.137453 0.756288 0.639637  0.866241 0.588107 1 1 1.000000
baby_seat
0  -0.400307 -0.047550 0.333207  0.025762 0.154662 -0.987631  0.742311 0.024376 1 1 1.000000
0  -0.379772 -0.000833 0.330314  -0.401580 0.004619 -0.915812  0.687818 0.001031 1 1 1.000000
0  -0.379755 -0.069663 0.329960  -0.298714 0.375283 -0.877458  0.768128 0.001030 1 1 1.000000
baby_seat
0  -0.363546 -0.000762 0.317323  0.236501 0.005053 -0.971618  0.054196 0.692330 1 1 1.000000
0  -0.361590 -0.000796 0.323988  0.922448 0.002195 -0.386115  0.047823 0.692275 1 1 1.000000
0  -0.357313 -0.016476 0.335855  0.999449 -0.016446 0.028811  0.036734 0.673945 1 1 1.000000
baby_seat
0  -0.379755 -0.069663 0.329960  -0.298714 0.375283 -0.877458  0.337975 0.891608 1 1 1.000000
0  -0.363546 -0.000762 0.317323  0.236501 0.005053 -0.971618  0.257757 0.870771 1 1 1.000000
0  -0.363528 -0.073529 0.316949  0.225627 0.779457 -0.584414  0.342657 0.870771 1 1 1.000000
baby_seat
0  -0.478528 -0.000876 0.334024  -0.438694 -0.004786 0.898624  0.815391 0.356613 1 1 1.000000
0  -0.539810 -0.000858 0.327791  -0.139451 -0.005215 0.990215  0.743568 0.356610 1 1 1.000000
0  -0.478720 -0.033904 0.333650  -0.497044 -0.035665 0.866992  0.815128 0.318075 1 1 1.000000
baby_seat
0  -0.477376 -0.000823 0.323797  0.111943 0.005141 -0.993701  0.687826 0.114987 1 1 1.000000
0  -0.477368 -0.032559 0.323634  0.136808 0.146801 -0.979660  0.724856 0.114987 1 1 1.000000
0  -0.538616 -0.000806 0.317667  0.129323 0.005118 -0.991589  0.687828 0.186779 1 1 1.000000
baby_seat
0  -0.454404 -0.132122 0.403590  -0.044690 0.774769 0.630663  0.397910 0.144466 1 1 1.000000
0  -0.480861 -0.156039 0.411401  -0.034535 -0.596777 0.801664  0.370864 0.174538 1 1 1.000000
0  -0.455223 -0.159660 0.408462  -0.065713 -0.732482 0.677608  0.365819 0.145502 1 1 1.000000
baby_seat
0  -0.454052 -0.137221 0.398621  0.054060 -0.737422 -0.673265  0.187655 0.358520 1 1 1.000000
0  -0.483995 -0.155991 0.401827  -0.415035 -0.732169 -0.540070  0.152500 0.378847 1 1 1.000000
0  -0.484000 -0.133603 0.401944  -0.249951 -0.731156 -0.634772  0.153671 0.352752 1 1 1.000000
baby_seat
0  -0.353797 -0.120514 0.425963  0.264097 0.780629 0.566455  0.408244 0.024286 1 1 1.000000
0  -0.380088 -0.147998 0.435446  -0.047508 -0.559933 0.827174  0.377033 0.054011 1 1 1.000000
0  -0.351588 -0.147971 0.431417  0.302162 -0.580426 0.756177  0.376153 0.021728 1 1 1.000000
baby_seat
0  -0.355233 -0.125536 0.422194  -0.249477 -0.717785 -0.650035  0.305944 0.350080 1 1 1.000000
0  -0.379081 -0.147947 0.425509  0.130512 -0.743934 -0.655384  0.277668 0.374968 1 1 1.000000
0  -0.379086 -0.125560 0.425626  0.079987 -0.718127 -0.691300  0.278839 0.348873 1 1 1.000000
baby_seat
0  -0.379605 -0.120497 0.429897  -0.032095 0.777724 0.627786  0.409091 0.053471 1 1 1.000000
0  -0.455223 -0.159660 0.408462  -0.065713 -0.732482 0.677608  0.365819 0.145502 1 1 1.000000
0  -0.380088 -0.147998 0.435446  -0.047508 -0.559933 0.827174  0.377033 0.054011 1 1 1.000000
baby_seat
0  -0.379086 -0.125560 0.425626  0.079987 -0.718127 -0.691300  0.278839 0.348873 1 1 1.000000
0  -0.454047 -0.159609 0.398504  0.091497 -0.690150 -0.717859  0.186484 0.384615 1 1 1.000000
0  -0.454052 -0.137221 0.398621  0.054060 -0.737422 -0.673265  0.187655 0.358520 1 1 1.000000
baby_seat
0  -0.330251 -0.120471 0.409463  0.519786 0.774175 0.361214  0.132360 0.035371 1 1 1.000000
0  -0.351588 -0.147971 0.431417  0.302162 -0.580426 0.756177  0.163504 0.001569 1 1 1.000000
0  -0.325424 -0.147870 0.413047  0.797530 -0.499843 0.337791  0.164336 0.032802 1 1 1.000000
baby_seat
0  -0.333136 -0.125453 0.407063  -0.555194 -0.710704 -0.432042  0.268125 0.335591 1 1 1.000000
0  -0.355229 -0.147924 0.422077  -0.235071 -0.758790 -0.607436  0.293646 0.309544 1 1 1.000000
0  -0.355233 -0.125536 0.422194  -0.249477 -0.717785 -0.650035  0.293706 0.335664 1 1 1.000000
baby_seat
0  -0.480861 -0.156039 0.411401  -0.034535 -0.596777 0.801664  0.370864 0.174538 1 1 1.000000
0  -0.482095 -0.128501 0.407012  0.238196 0.749097 0.618156  0.403020 0.175796 1 1 1.000000
0  -0.516987 -0.124258 0.423791  0.358497 0.796222 0.487350  0.409091 0.213287 1 1 1.000000
baby_seat
0  -0.483995 -0.155991 0.401827  -0.415035 -0.732169 -0.540070  0.152500 0.378847 1 1 1.000000
0  -0.517301 -0.131732 0.421147  0.074561 -0.978181 0.193915  0.117986 0.348873 1 1 1.000000
0  -0.484000 -0.133603 0.401944  -0.249951 -0.731156 -0.634772  0.153671 0.352752 1 1 1.000000
baby_seat
0  -0.322118 -0.119089 0.380843  0.565094 0.807055 -0.171263  0.131556 0.069930 1 1 1.000000
0  -0.330251 -0.120471 0.409463  0.519786 0.774175 0.361214  0.132360 0.035371 1 1 1.000000
0  -0.325424 -0.147870 0.413047  0.797530 -0.499843 0.337791  0.164336 0.032802 1 1 1.000000
baby_seat
0  -0.322649 -0.125311 0.379923  0.703106 -0.681163 -0.204102  0.234179 0.335664 1 1 1.000000
0  -0.333132 -0.147840 0.406946  -0.111911 -0.788027 -0.605383  0.268066 0.309471 1 1 1.000000
0  -0.333136 -0.125453 0.407063  -0.555194 -0.710704 -0.432042  0.268125 0.335591 1 1 1.000000
baby_seat
0  -0.628261 0.115193 0.564169  0.673935 0.437900 0.595025  0.697693 0.975524 1 1 1.000000
0  -0.620094 0.088426 0.539936  0.926320 -0.183914 0.328797  0.727332 0.944165 1 1 1.000000
0  -0.610334 0.109117 0.539624  0.710456 -0.593822 0.377663  0.732019 0.968187 1 1 1.000000
baby_seat
0  -0.635318 0.119352 0.559121  -0.572741 0.816991 -0.067027  0.346123 0.866537 1 1 1.000000
0  -0.617220 0.114886 0.536282  -0.703533 0.610557 -0.363677  0.313785 0.861109 1 1 1.000000
0  -0.629144 0.090778 0.536412  -0.923869 0.201912 -0.325110  0.318949 0.833079 1 1 1.000000
baby_seat
0  -0.628261 0.115193 0.564169  0.673935 0.437900 0.595025  0.473130 0.085644 1 1 1.000000
0  -0.610334 0.109117 0.539624  0.710456 -0.593822 0.377663  0.481900 0.119716 1 1 1.000000
0  -0.588906 0.119223 0.536287  0.509518 -0.525912 0.681035  0.468658 0.141894 1 1 1.000000
baby_seat
0  -0.635318 0.119352 0.559121  -0.572741 0.816991 -0.067027  0.140420 0.088662 1 1 1.000000
0  -0.593013 0.127830 0.535226  -0.177138 0.857667 0.482732  0.149632 0.144570 1 1 1.000000
0  -0.617220 0.114886 0.536282  -0.703533 0.610557 -0.363677  0.133431 0.121851 1 1 1.000000
baby_seat
0  -0.392175 0.141578 0.316610  0.427396 -0.797499 0.425826  0.518237 0.483142 1 1 1.000000
0  -0.404810 0.131397 0.343688  0.163545 -0.985592 -0.043142  0.503634 0.451107 1 1 1.000000
0  -0.409293 0.129258 0.329117  0.508105 -0.723653 0.467072  0.520094 0.457866 1 1 1.000000
baby_seat
0  -0.395303 0.146965 0.312957  -0.387984 0.813596 -0.433048  0.094076 0.487442 1 1 1.000000
0  -0.413189 0.135661 0.324071  -0.452817 0.720572 -0.525102  0.091520 0.463010 1 1 1.000000
0  -0.406769 0.140997 0.343509  -0.111878 0.992996 0.037989  0.113495 0.454478 1 1 1.000000
baby_seat
0  -0.392175 0.141578 0.316610  0.427396 -0.797499 0.425826  0.174825 0.174825 1 1 1.000000
0  -0.409293 0.129258 0.329117  0.508105 -0.723653 0.467072  0.163249 0.152266 1 1 1.000000
0  -0.413571 0.112334 0.325151  0.200060 -0.120448 0.972352  0.174825 0.136157 1 1 1.000000
baby_seat
0  -0.395303 0.146965 0.312957  -0.387984 0.813596 -0.433048  0.118107 0.122378 1 1 1.000000
0  -0.415843 0.114365 0.315920  -0.156114 0.169590 -0.973071  0.118107 0.082712 1 1 1.000000
0  -0.413189 0.135661 0.324071  -0.452817 0.720572 -0.525102  0.132867 0.104134 1 1 1.000000
baby_seat
0  -0.628206 -0.119378 0.562962  0.674149 -0.443701 0.590468  0.680154 0.235617 1 1 1.000000
0  -0.588849 -0.123102 0.535040  0.509268 0.519128 0.686405  0.684563 0.291740 1 1 1.000000
0  -0.610281 -0.113041 0.538481  0.710186 0.590221 0.383764  0.671159 0.269983 1 1 1.000000
baby_seat
0  -0.635261 -0.123488 0.557871  -0.572351 -0.816532 -0.075429  0.314221 0.087053 1 1 1.000000
0  -0.617165 -0.118779 0.535079  -0.703241 -0.607122 -0.369939  0.321406 0.120427 1 1 1.000000
0  -0.592952 -0.131700 0.533890  -0.176733 -0.862678 0.473870  0.304952 0.142531 1 1 1.000000
baby_seat
0  -0.628206 -0.119378 0.562962  0.674149 -0.443701 0.590468  0.697693 0.701845 1 1 1.000000
0  -0.610281 -0.113041 0.538481  0.710186 0.590221 0.383764  0.732019 0.708991 1 1 1.000000
0  -0.620052 -0.092359 0.539005  0.926241 0.180936 0.330665  0.727332 0.733239 1 1 1.000000
baby_seat
0  -0.635261 -0.123488 0.557871  -0.572351 -0.816532 -0.075429  0.346123 0.583201 1 1 1.000000
0  -0.629100 -0.094679 0.535458  -0.923775 -0.199002 -0.327165  0.318949 0.616695 1 1 1.000000
0  -0.617165 -0.118779 0.535079  -0.703241 -0.607122 -0.369939  0.313786 0.588478 1 1 1.000000
baby_seat
0  -0.392107 -0.143102 0.315145  0.427035 0.793272 0.434006  0.042638 0.104895 1 1 1.000000
0  -0.413518 -0.113957 0.323986  0.200040 0.110558 0.973530  0.042638 0.065856 1 1 1.000000
0  -0.409232 -0.130919 0.327778  0.507781 0.719051 0.474473  0.054196 0.082147 1 1 1.000000
baby_seat
0  -0.395233 -0.148452 0.311436  -0.387589 -0.809280 -0.441407  0.057692 0.080420 1 1 1.000000
0  -0.413125 -0.137271 0.322666  -0.452489 -0.715337 -0.532491  0.042955 0.062003 1 1 1.000000
0  -0.415789 -0.115894 0.314734  -0.156029 -0.159606 -0.974772  0.057692 0.040462 1 1 1.000000
baby_seat
0  -0.392107 -0.143102 0.315145  0.427035 0.793272 0.434006  0.634596 0.632044 1 1 1.000000
0  -0.409232 -0.130919 0.327778  0.507781 0.719051 0.474473  0.632529 0.607333 1 1 1.000000
0  -0.404747 -0.133206 0.342326  0.163073 0.986062 -0.033013  0.649046 0.600523 1 1 1.000000
baby_seat
0  -0.395233 -0.148452 0.311436  -0.387589 -0.809280 -0.441407  0.360998 0.484189 1 1 1.000000
0  -0.406702 -0.142805 0.342049  -0.111398 -0.993389 0.027741  0.341616 0.451559 1 1 1.000000
0  -0.413125 -0.137271 0.322666  -0.452489 -0.715337 -0.532491  0.363754 0.460313 1 1 1.000000
baby_seat
0  -0.409293 0.129258 0.329117  0.508105 -0.723653 0.467072  0.520094 0.457866 1 1 1.000000
0  -0.479362 0.117893 0.347821  0.116321 -0.972217 0.203133  0.555893 0.380607 1 1 1.000000
0  -0.488564 0.108851 0.331639  0.138221 -0.663898 0.734939  0.577483 0.384001 1 1 1.000000
baby_seat
0  -0.413189 0.135661 0.324071  -0.452817 0.720572 -0.525102  0.091520 0.463010 1 1 1.000000
0  -0.480381 0.127679 0.345906  -0.113466 0.972677 -0.202547  0.062051 0.386152 1 1 1.000000
0  -0.406769 0.140997 0.343509  -0.111878 0.992996 0.037989  0.113495 0.454478 1 1 1.000000
baby_seat
0  -0.413571 0.112334 0.325151  0.200060 -0.120448 0.972352  0.888983 0.488651 1 1 1.000000
0  -0.488564 0.108851 0.331639  0.138221 -0.663898 0.734939  0.803351 0.484627 1 1 1.000000
0  -0.492740 0.089243 0.324401  0.095044 -0.196745 0.975837  0.797376 0.461714 1 1 1.000000
baby_seat
0  -0.415843 0.114365 0.315920  -0.156114 0.169590 -0.973071  0.553472 0.044909 1 1 1.000000
0  -0.490025 0.115574 0.324999  -0.141939 0.673921 -0.725041  0.552012 0.129518 1 1 1.000000
0  -0.413189 0.135661 0.324071  -0.452817 0.720572 -0.525102  0.528588 0.040682 1 1 1.000000
baby_seat
0  -0.550256 0.108177 0.341716  0.314362 -0.703303 0.637606  0.614510 0.321214 1 1 1.000000
0  -0.558088 0.116225 0.382086  0.250704 -0.948066 0.195752  0.583972 0.284463 1 1 1.000000
0  -0.573423 0.108164 0.364994  0.651792 -0.667510 0.359997  0.610932 0.283094 1 1 1.000000
baby_seat
0  -0.553191 0.115159 0.335983  -0.320053 0.703295 -0.634777  0.000045 0.327658 1 1 1.000000
0  -0.559893 0.125762 0.380130  -0.235352 0.950915 -0.200924  0.034324 0.289054 1 1 1.000000
0  -0.533405 0.126407 0.354890  -0.126999 0.961730 -0.242788  0.031080 0.331625 1 1 1.000000
baby_seat
0  -0.559187 0.088810 0.335190  0.678163 0.052262 0.733051  0.975524 0.943615 1 1 1.000000
0  -0.573423 0.108164 0.364994  0.651792 -0.667510 0.359997  0.937179 0.966405 1 1 1.000000
0  -0.581040 0.088650 0.357929  0.808995 0.356604 0.467291  0.941418 0.943721 1 1 1.000000
baby_seat
0  -0.563540 0.091597 0.327054  -0.461314 0.280537 -0.841718  0.063348 0.832860 1 1 1.000000
0  -0.579371 0.114848 0.361531  -0.646115 0.668089 -0.369043  0.107364 0.860223 1 1 1.000000
0  -0.553191 0.115159 0.335983  -0.320053 0.703295 -0.634777  0.068730 0.860294 1 1 1.000000
baby_seat
0  -0.593048 0.114005 0.448366  0.791284 -0.585318 0.176838  0.838393 0.973564 1 1 1.000000
0  -0.581040 0.088650 0.357929  0.808995 0.356604 0.467291  0.941418 0.943721 1 1 1.000000
0  -0.573423 0.108164 0.364994  0.651792 -0.667510 0.359997  0.937179 0.966405 1 1 1.000000
baby_seat
0  -0.600387 0.120401 0.446699  -0.776080 0.605250 -0.177122  0.208987 0.867133 1 1 1.000000
0  -0.589358 0.091373 0.353515  -0.845933 0.270782 -0.459429  0.102831 0.832890 1 1 1.000000
0  -0.609195 0.090913 0.444627  -0.950105 0.234064 -0.206189  0.210500 0.832794 1 1 1.000000
baby_seat
0  -0.517045 0.121558 0.425056  0.358903 -0.801004 0.479147  0.514688 0.289389 1 1 1.000000
0  -0.569792 0.126580 0.417284  0.234287 -0.949980 0.206515  0.560905 0.248222 1 1 1.000000
0  -0.558088 0.116225 0.382086  0.250704 -0.948066 0.195752  0.583972 0.284463 1 1 1.000000
baby_seat
0  -0.517363 0.129058 0.422489  0.074084 0.976168 0.203980  0.103740 0.296184 1 1 1.000000
0  -0.571931 0.135942 0.415777  -0.226946 0.951381 -0.208253  0.057022 0.251908 1 1 1.000000
0  -0.549609 0.137229 0.436105  0.167569 0.984257 -0.056209  0.091762 0.257055 1 1 1.000000
baby_seat
0  -0.550256 0.108177 0.341716  0.314362 -0.703303 0.637606  0.733662 0.483897 1 1 1.000000
0  -0.492740 0.089243 0.324401  0.095044 -0.196745 0.975837  0.797376 0.461714 1 1 1.000000
0  -0.488564 0.108851 0.331639  0.138221 -0.663898 0.734939  0.803351 0.484627 1 1 1.000000
baby_seat
0  -0.553191 0.115159 0.335983  -0.320053 0.703295 -0.634777  0.552439 0.201096 1 1 1.000000
0  -0.493838 0.091641 0.314644  -0.104185 0.220402 -0.969829  0.579983 0.135400 1 1 1.000000
0  -0.563540 0.091597 0.327054  -0.461314 0.280537 -0.841718  0.579971 0.214344 1 1 1.000000
baby_seat
0  -0.532135 0.116614 0.356962  0.129752 -0.961128 0.243718  0.587116 0.326475 1 1 1.000000
0  -0.488564 0.108851 0.331639  0.138221 -0.663898 0.734939  0.577483 0.384001 1 1 1.000000
0  -0.479362 0.117893 0.347821  0.116321 -0.972217 0.203133  0.555893 0.380607 1 1 1.000000
baby_seat
0  -0.533405 0.126407 0.354890  -0.126999 0.961730 -0.242788  0.031080 0.331625 1 1 1.000000
0  -0.490025 0.115574 0.324999  -0.141939 0.673921 -0.725041  0.036746 0.392816 1 1 1.000000
0  -0.553191 0.115159 0.335983  -0.320053 0.703295 -0.634777  0.000045 0.327658 1 1 1.000000
baby_seat
0  -0.610334 0.109117 0.539624  0.710456 -0.593822 0.377663  0.732019 0.968187 1 1 1.000000
0  -0.599611 0.088080 0.446707  0.880483 0.327718 0.342566  0.837198 0.943394 1 1 1.000000
0  -0.593048 0.114005 0.448366  0.791284 -0.585318 0.176838  0.838393 0.973564 1 1 1.000000
baby_seat
0  -0.617220 0.114886 0.536282  -0.703533 0.610557 -0.363677  0.313785 0.861109 1 1 1.000000
0  -0.609195 0.090913 0.444627  -0.950105 0.234064 -0.206189  0.210500 0.832794 1 1 1.000000
0  -0.629144 0.090778 0.536412  -0.923869 0.201912 -0.325110  0.318949 0.833079 1 1 1.000000
baby_seat
0  -0.570195 0.130825 0.485244  -0.014285 -0.999336 -0.033528  0.500178 0.197333 1 1 1.000000
0  -0.588906 0.119223 0.536287  0.509518 -0.525912 0.681035  0.468658 0.141894 1 1 1.000000
0  -0.583778 0.128952 0.487478  0.390630 -0.920285 -0.021991  0.508357 0.183411 1 1 1.000000
baby_seat
0  -0.570062 0.140896 0.485552  0.013949 0.998842 0.046049  0.121054 0.202075 1 1 1.000000
0  -0.593013 0.127830 0.535226  -0.177138 0.857667 0.482732  0.149632 0.144570 1 1 1.000000
0  -0.551656 0.134181 0.533072  0.128917 0.716039 0.686053  0.177870 0.183547 1 1 1.000000
baby_seat
0  -0.409232 -0.130919 0.327778  0.507781 0.719051 0.474473  0.894552 0.204844 1 1 1.000000
0  -0.492698 -0.090897 0.323474  0.094957 0.186729 0.977812  0.797376 0.251530 1 1 1.000000
0  -0.488512 -0.110577 0.330510  0.137914 0.656350 0.741744  0.803351 0.228602 1 1 1.000000
baby_seat
0  -0.413125 -0.137271 0.322666  -0.452489 -0.715337 -0.532491  0.847041 0.040682 1 1 1.000000
0  -0.493794 -0.093195 0.313693  -0.104088 -0.210448 -0.972048  0.795647 0.135400 1 1 1.000000
0  -0.415789 -0.115894 0.314734  -0.156029 -0.159606 -0.974772  0.822135 0.044909 1 1 1.000000
baby_seat
0  -0.404747 -0.133206 0.342326  0.163073 0.986062 -0.033013  0.649046 0.600523 1 1 1.000000
0  -0.488512 -0.110577 0.330510  0.137914 0.656350 0.741744  0.574910 0.534183 1 1 1.000000
0  -0.479306 -0.119781 0.346598  0.115858 0.970129 0.213136  0.596702 0.530426 1 1 1.000000
baby_seat
0  -0.406702 -0.142805 0.342049  -0.111398 -0.993389 0.027741  0.341616 0.451559 1 1 1.000000
0  -0.489970 -0.117232 0.323801  -0.141623 -0.666512 -0.731918  0.418851 0.391055 1 1 1.000000
0  -0.413125 -0.137271 0.322666  -0.452489 -0.715337 -0.532491  0.363754 0.460313 1 1 1.000000
baby_seat
0  -0.550205 -0.110035 0.340593  0.314045 0.696862 0.644794  0.972438 0.711519 1 1 1.000000
0  -0.580998 -0.090691 0.357005  0.809160 -0.361010 0.463607  0.941418 0.734481 1 1 1.000000
0  -0.573371 -0.110273 0.363870  0.651491 0.664067 0.366843  0.937178 0.711551 1 1 1.000000
baby_seat
0  -0.553136 -0.116960 0.334788  -0.319702 -0.696866 -0.642003  0.068730 0.589467 1 1 1.000000
0  -0.589314 -0.093372 0.352565  -0.845801 -0.266444 -0.462199  0.102831 0.617338 1 1 1.000000
0  -0.563496 -0.093312 0.326103  -0.461147 -0.272086 -0.844578  0.063348 0.617117 1 1 1.000000
baby_seat
0  -0.532079 -0.118620 0.355751  0.129288 0.958635 0.253582  0.565615 0.476196 1 1 1.000000
0  -0.573371 -0.110273 0.363870  0.651491 0.664067 0.366843  0.541738 0.433101 1 1 1.000000
0  -0.558033 -0.118502 0.380878  0.250249 0.946125 0.205480  0.568862 0.434176 1 1 1.000000
baby_seat
0  -0.533345 -0.128392 0.353578  -0.126553 -0.959250 -0.252634  0.424111 0.329374 1 1 1.000000
0  -0.579316 -0.116924 0.360338  -0.645811 -0.664548 -0.375904  0.451583 0.283437 1 1 1.000000
0  -0.553136 -0.116960 0.334788  -0.319702 -0.696866 -0.642003  0.455420 0.325909 1 1 1.000000
baby_seat
0  -0.588849 -0.123102 0.535040  0.509268 0.519128 0.686405  0.684563 0.291740 1 1 1.000000
0  -0.570132 -0.134170 0.483880  -0.014759 0.999621 -0.023239  0.653175 0.346558 1 1 1.000000
0  -0.583716 -0.132326 0.486133  0.390158 0.920663 -0.012507  0.644996 0.332685 1 1 1.000000
baby_seat
0  -0.592952 -0.131700 0.533890  -0.176733 -0.862678 0.473870  0.304952 0.142531 1 1 1.000000
0  -0.569994 -0.144242 0.484084  0.014422 -0.999256 0.035764  0.333398 0.199333 1 1 1.000000
0  -0.551591 -0.138009 0.531672  0.129253 -0.723007 0.678642  0.276647 0.181216 1 1 1.000000
baby_seat
0  -0.599568 -0.091044 0.445785  0.880622 -0.330837 0.339192  0.837198 0.734408 1 1 1.000000
0  -0.573371 -0.110273 0.363870  0.651491 0.664067 0.366843  0.937178 0.711551 1 1 1.000000
0  -0.580998 -0.090691 0.357005  0.809160 -0.361010 0.463607  0.941418 0.734481 1 1 1.000000
baby_seat
0  -0.609151 -0.093860 0.443676  -0.950001 -0.232354 -0.208588  0.210500 0.617209 1 1 1.000000
0  -0.579316 -0.116924 0.360338  -0.645811 -0.664548 -0.375904  0.107364 0.589801 1 1 1.000000
0  -0.600329 -0.123363 0.445444  -0.775782 -0.603776 -0.183351  0.208988 0.582719 1 1 1.000000
baby_seat
0  -0.550205 -0.110035 0.340593  0.314045 0.696862 0.644794  0.538059 0.471242 1 1 1.000000
0  -0.479306 -0.119781 0.346598  0.115858 0.970129 0.213136  0.596702 0.530426 1 1 1.000000
0  -0.488512 -0.110577 0.330510  0.137914 0.656350 0.741744  0.574910 0.534183 1 1 1.000000
baby_seat
0  -0.553136 -0.116960 0.334788  -0.319702 -0.696866 -0.642003  0.455420 0.325909 1 1 1.000000
0  -0.480320 -0.129546 0.344582  -0.113010 -0.970599 -0.212525  0.393229 0.383848 1 1 1.000000
0  -0.533345 -0.128392 0.353578  -0.126553 -0.959250 -0.252634  0.424111 0.329374 1 1 1.000000
baby_seat
0  -0.559144 -0.090606 0.334267  0.678220 -0.059490 0.732447  0.722307 0.251929 1 1 1.000000
0  -0.488512 -0.110577 0.330510  0.137914 0.656350 0.741744  0.803351 0.228602 1 1 1.000000
0  -0.492698 -0.090897 0.323474  0.094957 0.186729 0.977812  0.797376 0.251530 1 1 1.000000
baby_seat
0  -0.563496 -0.093312 0.326103  -0.461147 -0.272086 -0.844578  0.795719 0.214344 1 1 1.000000
0  -0.489970 -0.117232 0.323801  -0.141623 -0.666512 -0.731918  0.823646 0.129518 1 1 1.000000
0  -0.553136 -0.116960 0.334788  -0.319702 -0.696866 -0.642003  0.823272 0.201097 1 1 1.000000
baby_seat
0  -0.573371 -0.110273 0.363870  0.651491 0.664067 0.366843  0.541738 0.433101 1 1 1.000000
0  -0.569731 -0.129224 0.415967  0.233832 0.947915 0.216285  0.592249 0.397484 1 1 1.000000
0  -0.558033 -0.118502 0.380878  0.250249 0.946125 0.205480  0.568862 0.434176 1 1 1.000000
baby_seat
0  -0.579316 -0.116924 0.360338  -0.645811 -0.664548 -0.375904  0.451583 0.283437 1 1 1.000000
0  -0.571866 -0.138572 0.414364  -0.226479 -0.949297 -0.218041  0.397721 0.249285 1 1 1.000000
0  -0.600329 -0.123363 0.445444  -0.775782 -0.603776 -0.183351  0.390210 0.201437 1 1 1.000000
baby_seat
0  -0.620052 -0.092359 0.539005  0.926241 0.180936 0.330665  0.727332 0.733239 1 1 1.000000
0  -0.592993 -0.116981 0.447177  0.791007 0.583836 0.182877  0.838393 0.704068 1 1 1.000000
0  -0.599568 -0.091044 0.445785  0.880622 -0.330837 0.339192  0.837198 0.734408 1 1 1.000000
baby_seat
0  -0.629100 -0.094679 0.535458  -0.923775 -0.199002 -0.327165  0.318949 0.616695 1 1 1.000000
0  -0.600329 -0.123363 0.445444  -0.775782 -0.603776 -0.183351  0.208988 0.582719 1 1 1.000000
0  -0.617165 -0.118779 0.535079  -0.703241 -0.607122 -0.369939  0.313786 0.588478 1 1 1.000000
baby_seat
0  -0.379661 0.117799 0.431124  -0.031689 -0.784168 0.619738  0.406800 0.407662 1 1 1.000000
0  -0.479362 0.117893 0.347821  0.116321 -0.972217 0.203133  0.555893 0.380607 1 1 1.000000
0  -0.404810 0.131397 0.343688  0.163545 -0.985592 -0.043142  0.503634 0.451107 1 1 1.000000
baby_seat
0  -0.379145 0.122906 0.426905  0.079654 0.725236 -0.683877  0.210099 0.417699 1 1 1.000000
0  -0.480381 0.127679 0.345906  -0.113466 0.972677 -0.202547  0.062051 0.386152 1 1 1.000000
0  -0.454117 0.134809 0.400021  0.053713 0.744340 -0.665637  0.129849 0.369932 1 1 1.000000
baby_seat
0  -0.583778 0.128952 0.487478  0.390630 -0.920285 -0.021991  0.508357 0.183411 1 1 1.000000
0  -0.593048 0.114005 0.448366  0.791284 -0.585318 0.176838  0.550696 0.203569 1 1 1.000000
0  -0.569792 0.126580 0.417284  0.234287 -0.949980 0.206515  0.560905 0.248222 1 1 1.000000
baby_seat
0  -0.587726 0.138006 0.487371  -0.402269 0.915223 0.023367  0.109815 0.184762 1 1 1.000000
0  -0.571931 0.135942 0.415777  -0.226946 0.951381 -0.208253  0.057022 0.251908 1 1 1.000000
0  -0.600387 0.120401 0.446699  -0.776080 0.605250 -0.177122  0.064762 0.203272 1 1 1.000000
baby_seat
0  -0.592993 -0.116981 0.447177  0.791007 0.583836 0.182877  0.602287 0.353433 1 1 1.000000
0  -0.583716 -0.132326 0.486133  0.390158 0.920663 -0.012507  0.644996 0.332685 1 1 1.000000
0  -0.569731 -0.129224 0.415967  0.233832 0.947915 0.216285  0.592249 0.397484 1 1 1.000000
baby_seat
0  -0.600329 -0.123363 0.445444  -0.775782 -0.603776 -0.183351  0.390210 0.201437 1 1 1.000000
0  -0.571866 -0.138572 0.414364  -0.226479 -0.949297 -0.218041  0.397721 0.249285 1 1 1.000000
0  -0.587660 -0.141380 0.485933  -0.401800 -0.915621 0.013933  0.344667 0.182154 1 1 1.000000
baby_seat
0  -0.588906 0.119223 0.536287  0.509518 -0.525912 0.681035  0.468658 0.141894 1 1 1.000000
0  -0.593048 0.114005 0.448366  0.791284 -0.585318 0.176838  0.550696 0.203569 1 1 1.000000
0  -0.583778 0.128952 0.487478  0.390630 -0.920285 -0.021991  0.508357 0.183411 1 1 1.000000
baby_seat
0  -0.593013 0.127830 0.535226  -0.177138 0.857667 0.482732  0.149632 0.144570 1 1 1.000000
0  -0.600387 0.120401 0.446699  -0.776080 0.605250 -0.177122  0.064762 0.203272 1 1 1.000000
0  -0.617220 0.114886 0.536282  -0.703533 0.610557 -0.363677  0.133431 0.121851 1 1 1.000000
baby_seat
0  -0.569731 -0.129224 0.415967  0.233832 0.947915 0.216285  0.592249 0.397484 1 1 1.000000
0  -0.550219 -0.128811 0.457844  -0.170447 0.985366 0.001116  0.644318 0.383861 1 1 1.000000
0  -0.549673 -0.128316 0.444435  -0.143489 0.989586 -0.011370  0.632662 0.394332 1 1 1.000000
baby_seat
0  -0.548035 -0.138824 0.457664  0.201649 -0.979265 -0.019432  0.341003 0.238906 1 1 1.000000
0  -0.569994 -0.144242 0.484084  0.014422 -0.999256 0.035764  0.333398 0.199333 1 1 1.000000
0  -0.571866 -0.138572 0.414364  -0.226479 -0.949297 -0.218041  0.397721 0.249285 1 1 1.000000
baby_seat
0  -0.583716 -0.132326 0.486133  0.390158 0.920663 -0.012507  0.644996 0.332685 1 1 1.000000
0  -0.570132 -0.134170 0.483880  -0.014759 0.999621 -0.023239  0.653175 0.346558 1 1 1.000000
0  -0.569731 -0.129224 0.415967  0.233832 0.947915 0.216285  0.592249 0.397484 1 1 1.000000
baby_seat
0  -0.587660 -0.141380 0.485933  -0.401800 -0.915621 0.013933  0.344667 0.182154 1 1 1.000000
0  -0.571866 -0.138572 0.414364  -0.226479 -0.949297 -0.218041  0.397721 0.249285 1 1 1.000000
0  -0.569994 -0.144242 0.484084  0.014422 -0.999256 0.035764  0.333398 0.199333 1 1 1.000000
baby_seat
0  -0.569792 0.126580 0.417284  0.234287 -0.949980 0.206515  0.560905 0.248222 1 1 1.000000
0  -0.551436 0.127253 0.436608  -0.132791 -0.989114 0.063403  0.529865 0.250260 1 1 1.000000
0  -0.549734 0.125388 0.445741  -0.142987 -0.989489 -0.021580  0.520451 0.244873 1 1 1.000000
baby_seat
0  -0.547469 0.135356 0.445953  0.199461 0.979856 0.009888  0.102327 0.251700 1 1 1.000000
0  -0.549609 0.137229 0.436105  0.167569 0.984257 -0.056209  0.091762 0.257055 1 1 1.000000
0  -0.571931 0.135942 0.415777  -0.226946 0.951381 -0.208253  0.057022 0.251908 1 1 1.000000
baby_seat
0  -0.570195 0.130825 0.485244  -0.014285 -0.999336 -0.033528  0.500178 0.197333 1 1 1.000000
0  -0.583778 0.128952 0.487478  0.390630 -0.920285 -0.021991  0.508357 0.183411 1 1 1.000000
0  -0.569792 0.126580 0.417284  0.234287 -0.949980 0.206515  0.560905 0.248222 1 1 1.000000
baby_seat
0  -0.570062 0.140896 0.485552  0.013949 0.998842 0.046049  0.121054 0.202075 1 1 1.000000
0  -0.571931 0.135942 0.415777  -0.226946 0.951381 -0.208253  0.057022 0.251908 1 1 1.000000
0  -0.587726 0.138006 0.487371  -0.402269 0.915223 0.023367  0.109815 0.184762 1 1 1.000000
baby_seat
0  -0.571160 -0.023224 0.368830  0.894384 0.049057 0.444602  0.939517 0.812278 1 1 1.000000
0  -0.605817 -0.024053 0.530416  0.861394 -0.187282 0.472151  0.749455 0.811936 1 1 1.000000
0  -0.582046 -0.079187 0.447962  0.897213 -0.326958 0.296827  0.848763 0.747218 1 1 1.000000
baby_seat
0  -0.626209 -0.026375 0.538036  0.633063 -0.231598 0.738643  0.523890 0.590828 1 1 1.000000
0  -0.589128 -0.086073 0.450154  0.446703 -0.805120 0.390176  0.516325 0.699857 1 1 1.000000
0  -0.615949 -0.026154 0.542704  0.239406 -0.393577 0.887571  0.510834 0.589234 1 1 1.000000
baby_seat
0  -0.559187 0.088810 0.335190  0.678163 0.052262 0.733051  0.013461 0.001929 1 1 1.000000
0  -0.571274 0.083721 0.365447  0.455446 0.850460 0.263225  0.016002 0.040009 1 1 1.000000
0  -0.549833 0.086977 0.342522  0.784599 0.597022 -0.167237  0.000401 0.006829 1 1 1.000000
baby_seat
0  -0.550813 -0.000948 0.344870  0.494079 -0.004365 0.869406  0.974419 0.837991 1 1 1.000000
0  -0.571171 0.021070 0.369058  0.894441 -0.053242 0.444005  0.939517 0.863957 1 1 1.000000
0  -0.571091 -0.001077 0.368895  0.898107 -0.002050 0.439772  0.939602 0.838117 1 1 1.000000
baby_seat
0  -0.661134 0.029982 0.627956  0.913180 -0.171069 0.369915  0.613863 0.876586 1 1 1.000000
0  -0.653878 0.030075 0.610087  0.913180 -0.171073 0.369913  0.636365 0.876585 1 1 1.000000
0  -0.664207 0.068210 0.653221  0.383119 0.153506 0.910854  0.585380 0.921256 1 1 1.000000
baby_seat
0  -0.626221 0.022453 0.538287  0.632948 0.224282 0.740996  0.726087 0.867265 1 1 1.000000
0  -0.620094 0.088426 0.539936  0.926320 -0.183914 0.328797  0.727332 0.944165 1 1 1.000000
0  -0.645000 0.106418 0.608100  0.628281 0.606199 0.487632  0.642799 0.965545 1 1 1.000000
baby_seat
0  -0.664207 0.068210 0.653221  0.383119 0.153506 0.910854  0.585380 0.921256 1 1 1.000000
0  -0.626221 0.022453 0.538287  0.632948 0.224282 0.740996  0.726087 0.867265 1 1 1.000000
0  -0.645000 0.106418 0.608100  0.628281 0.606199 0.487632  0.642799 0.965545 1 1 1.000000
baby_seat
0  -0.620094 0.088426 0.539936  0.926320 -0.183914 0.328797  0.727332 0.944165 1 1 1.000000
0  -0.628261 0.115193 0.564169  0.673935 0.437900 0.595025  0.697693 0.975524 1 1 1.000000
0  -0.645000 0.106418 0.608100  0.628281 0.606199 0.487632  0.642799 0.965545 1 1 1.000000
baby_seat
0  -0.659020 -0.093099 0.640248  0.446376 -0.541356 0.712519  0.600765 0.732976 1 1 1.000000
0  -0.644949 -0.111064 0.606981  0.628554 -0.610913 0.481358  0.642799 0.711804 1 1 1.000000
0  -0.664173 -0.073331 0.652492  0.383195 -0.162651 0.909234  0.585380 0.756119 1 1 1.000000
baby_seat
0  -0.644949 -0.111064 0.606981  0.628554 -0.610913 0.481358  0.642799 0.711804 1 1 1.000000
0  -0.628206 -0.119378 0.562962  0.674149 -0.443701 0.590468  0.697693 0.701845 1 1 1.000000
0  -0.620052 -0.092359 0.539005  0.926241 0.180936 0.330665  0.727332 0.733239 1 1 1.000000
baby_seat
0  -0.626209 -0.026375 0.538036  0.633063 -0.231598 0.738643  0.726087 0.810297 1 1 1.000000
0  -0.644949 -0.111064 0.606981  0.628554 -0.610913 0.481358  0.642799 0.711804 1 1 1.000000
0  -0.620052 -0.092359 0.539005  0.926241 0.180936 0.330665  0.727332 0.733239 1 1 1.000000
baby_seat
0  -0.653862 -0.034749 0.609753  0.913101 0.167685 0.371657  0.636365 0.800952 1 1 1.000000
0  -0.661118 -0.034843 0.627622  0.913099 0.167688 0.371659  0.613863 0.800953 1 1 1.000000
0  -0.664173 -0.073331 0.652492  0.383195 -0.162651 0.909234  0.585380 0.756119 1 1 1.000000
baby_seat
0  -0.557503 -0.000868 0.328976  0.883448 -0.002211 0.468524  0.723308 0.356606 1 1 1.000000
0  -0.493904 0.061959 0.321912  -0.113179 0.112973 0.987131  0.795647 0.429868 1 1 1.000000
0  -0.566138 0.023603 0.331505  0.971060 0.073779 0.227155  0.713720 0.385172 1 1 1.000000
baby_seat
0  -0.493904 0.061959 0.321912  -0.113179 0.112973 0.987131  0.795647 0.429868 1 1 1.000000
0  -0.492740 0.089243 0.324401  0.095044 -0.196745 0.975837  0.797376 0.461714 1 1 1.000000
0  -0.559187 0.088810 0.335190  0.678163 0.052262 0.733051  0.722307 0.461270 1 1 1.000000
baby_seat
0  -0.566126 -0.025369 0.331253  0.971094 -0.075642 0.226393  0.713720 0.328032 1 1 1.000000
0  -0.559144 -0.090606 0.334267  0.678220 -0.059490 0.732447  0.722307 0.251929 1 1 1.000000
0  -0.493874 -0.063589 0.321266  -0.113152 -0.123220 0.985907  0.795647 0.283381 1 1 1.000000
baby_seat
0  -0.559144 -0.090606 0.334267  0.678220 -0.059490 0.732447  0.722307 0.251929 1 1 1.000000
0  -0.492698 -0.090897 0.323474  0.094957 0.186729 0.977812  0.797376 0.251530 1 1 1.000000
0  -0.493874 -0.063589 0.321266  -0.113152 -0.123220 0.985907  0.795647 0.283381 1 1 1.000000
baby_seat
0  -0.333013 0.136945 0.274641  0.862511 0.495791 -0.101324  0.106059 0.571939 1 1 1.000000
0  -0.360361 0.147656 0.180132  -0.231042 0.138761 -0.962998  0.000045 0.617133 1 1 1.000000
0  -0.371512 0.147136 0.280610  -0.542686 0.830608 -0.124829  0.082457 0.532825 1 1 1.000000
baby_seat
0  -0.332948 -0.138008 0.273226  0.862742 -0.494323 -0.106396  0.349457 0.569130 1 1 1.000000
0  -0.322649 -0.125311 0.379923  0.703106 -0.681163 -0.204102  0.245046 0.500472 1 1 1.000000
0  -0.371442 -0.148279 0.279089  -0.542293 -0.829536 -0.133374  0.372739 0.529520 1 1 1.000000
baby_seat
0  -0.357320 0.014763 0.336016  0.999441 0.016630 0.029000  0.036734 0.710392 1 1 1.000000
0  -0.357313 -0.016476 0.335855  0.999449 -0.016446 0.028811  0.036734 0.673945 1 1 1.000000
0  -0.361590 -0.000796 0.323988  0.922448 0.002195 -0.386115  0.047823 0.692275 1 1 1.000000
baby_seat
0  -0.358108 -0.078765 0.322299  0.874705 -0.369834 0.313231  0.050720 0.601264 1 1 1.000000
0  -0.362088 -0.015530 0.347077  0.789572 -0.070918 0.609546  0.022514 0.675120 1 1 1.000000
0  -0.362779 -0.073813 0.334392  0.669602 -0.464330 0.579682  0.035623 0.607114 1 1 1.000000
baby_seat
0  -0.478720 -0.033904 0.333650  -0.497044 -0.035665 0.866992  0.815128 0.318075 1 1 1.000000
0  -0.480947 -0.059611 0.333426  -0.493194 -0.380601 0.782242  0.812532 0.288080 1 1 1.000000
0  -0.467757 -0.031835 0.345014  -0.441973 -0.142521 0.885634  0.829615 0.320543 1 1 1.000000
baby_seat
0  -0.416142 -0.093538 0.324666  -0.030613 -0.478094 0.877775  0.482159 0.888482 1 1 1.000000
0  -0.392816 -0.088806 0.332214  0.137791 -0.762767 0.631823  0.468949 0.862886 1 1 1.000000
0  -0.413290 -0.087634 0.336607  -0.143428 -0.659338 0.738039  0.489382 0.876113 1 1 1.000000
baby_seat
0  -0.372602 0.094123 0.304666  0.687712 0.522625 0.503899  0.825968 0.581027 1 1 1.000000
0  -0.392857 0.087109 0.333119  0.137453 0.756288 0.639637  0.866241 0.588107 1 1 1.000000
0  -0.375397 0.087955 0.317894  0.346588 0.807028 0.478104  0.839267 0.589942 1 1 1.000000
baby_seat
0  -0.650551 -0.045101 0.621919  0.969539 -0.001035 0.244936  0.047853 0.447111 1 1 1.000000
0  -0.656331 -0.075533 0.644669  0.969539 -0.001035 0.244936  0.075175 0.482517 1 1 1.000000
0  -0.650544 -0.075414 0.621763  0.969539 -0.001035 0.244936  0.047853 0.482478 1 1 1.000000
baby_seat
0  -0.650544 -0.075414 0.621763  0.000237 -0.999987 -0.005147  0.260648 0.061182 1 1 1.000000
0  -0.663469 -0.075525 0.642865  0.000237 -0.999987 -0.005147  0.269231 0.033627 1 1 1.000000
0  -0.657682 -0.075406 0.619959  0.000237 -0.999987 -0.005147  0.269231 0.061189 1 1 1.000000
baby_seat
0  -0.657682 -0.075406 0.619959  -0.969539 0.001033 -0.244936  0.482517 0.290188 1 1 1.000000
0  -0.663476 -0.045212 0.643021  -0.969539 0.001033 -0.244936  0.455121 0.254842 1 1 1.000000
0  -0.657689 -0.045093 0.620115  -0.969539 0.001033 -0.244936  0.482517 0.254820 1 1 1.000000
baby_seat
0  -0.657689 -0.045093 0.620115  -0.000236 0.999987 0.005147  0.174981 0.332160 1 1 1.000000
0  -0.656338 -0.045220 0.644825  -0.000236 0.999987 0.005147  0.183566 0.304612 1 1 1.000000
0  -0.650551 -0.045101 0.621919  -0.000236 0.999987 0.005147  0.183566 0.332168 1 1 1.000000
baby_seat
0  -0.650544 -0.075414 0.621763  0.244933 0.005048 -0.969527  0.192308 0.300699 1 1 1.000000
0  -0.657689 -0.045093 0.620115  0.244933 0.005048 -0.969527  0.183784 0.265329 1 1 1.000000
0  -0.650551 -0.045101 0.621919  0.244933 0.005048 -0.969527  0.192308 0.265330 1 1 1.000000
baby_seat
0  -0.663469 -0.075525 0.642865  -0.244939 -0.005049 0.969525  0.026224 0.248251 1 1 1.000000
0  -0.656338 -0.045220 0.644825  -0.244939 -0.005049 0.969525  0.017685 0.212883 1 1 1.000000
0  -0.663476 -0.045212 0.643021  -0.244939 -0.005049 0.969525  0.026224 0.212882 1 1 1.000000
baby_seat
0  -0.648464 0.071044 0.622516  0.959472 -0.140610 0.244217  0.241259 0.419580 1 1 1.000000
0  -0.658547 0.041759 0.645272  0.959472 -0.140610 0.244217  0.213952 0.384037 1 1 1.000000
0  -0.652821 0.041045 0.622362  0.959472 -0.140610 0.244217  0.241259 0.384582 1 1 1.000000
baby_seat
0  -0.652821 0.041045 0.622362  -0.143725 -0.989605 -0.005098  0.000294 0.094323 1 1 1.000000
0  -0.665612 0.042794 0.643474  -0.143725 -0.989605 -0.005098  0.008741 0.066877 1 1 1.000000
0  -0.659885 0.042081 0.620564  -0.143725 -0.989605 -0.005098  0.008741 0.094406 1 1 1.000000
baby_seat
0  -0.659885 0.042081 0.620564  -0.959472 0.140610 -0.244216  0.444643 0.048905 1 1 1.000000
0  -0.661255 0.072793 0.643629  -0.959472 0.140610 -0.244216  0.472028 0.083467 1 1 1.000000
0  -0.655528 0.072079 0.620718  -0.959472 0.140610 -0.244216  0.444643 0.083916 1 1 1.000000
baby_seat
0  -0.655528 0.072079 0.620718  0.143727 0.989604 0.005098  0.271178 0.122378 1 1 1.000000
0  -0.654191 0.071757 0.645427  0.143727 0.989604 0.005098  0.279720 0.094808 1 1 1.000000
0  -0.648464 0.071044 0.622516  0.143727 0.989604 0.005098  0.279720 0.122321 1 1 1.000000
baby_seat
0  -0.652821 0.041045 0.622362  0.242411 -0.030209 -0.969703  0.045455 0.192290 1 1 1.000000
0  -0.655528 0.072079 0.620718  0.242411 -0.030209 -0.969703  0.036932 0.156944 1 1 1.000000
0  -0.648464 0.071044 0.622516  0.242411 -0.030209 -0.969703  0.045455 0.156926 1 1 1.000000
baby_seat
0  -0.665612 0.042794 0.643474  -0.242391 0.030209 0.969708  0.192308 0.071678 1 1 1.000000
0  -0.654191 0.071757 0.645427  -0.242391 0.030209 0.969708  0.183770 0.036298 1 1 1.000000
0  -0.661255 0.072793 0.643629  -0.242391 0.030209 0.969708  0.192307 0.036316 1 1 1.000000
baby_seat
0  -0.663472 0.026175 0.631969  0.154421 -0.760185 -0.631089  0.302621 0.022899 1 1 1.000000
0  -0.671292 0.029992 0.625458  0.154421 -0.760185 -0.631089  0.313757 0.026632 1 1 1.000000
0  -0.661134 0.029982 0.627956  0.154421 -0.760185 -0.631089  0.301690 0.028386 1 1 1.000000
baby_seat
0  -0.662858 -0.002294 0.601194  -0.238800 -0.005055 0.971056  0.328351 0.055756 1 1 1.000000
0  -0.652807 -0.021794 0.603564  -0.238800 -0.005055 0.971056  0.316344 0.078496 1 1 1.000000
0  -0.652789 -0.002305 0.603670  -0.238800 -0.005055 0.971056  0.316317 0.055757 1 1 1.000000
baby_seat
0  -0.653201 0.022081 0.604719  -0.233998 -0.203730 0.950652  0.316639 0.027299 1 1 1.000000
0  -0.662952 0.026323 0.603228  -0.233998 -0.203730 0.950652  0.328150 0.022356 1 1 1.000000
0  -0.663284 0.022630 0.602355  -0.233998 -0.203730 0.950652  0.328671 0.026669 1 1 1.000000
baby_seat
0  -0.673628 0.026186 0.629471  0.234094 -0.193794 -0.952704  0.049072 0.132495 1 1 1.000000
0  -0.663472 0.026175 0.631969  0.234094 -0.193794 -0.952704  0.061189 0.132497 1 1 1.000000
0  -0.664515 0.021925 0.632577  0.234094 -0.193794 -0.952704  0.060070 0.137453 1 1 1.000000
baby_seat
0  -0.662952 0.026323 0.603228  -0.154052 -0.766708 0.623239  0.314685 0.054193 1 1 1.000000
0  -0.653878 0.030075 0.610087  -0.154052 -0.766708 0.623239  0.301704 0.050883 1 1 1.000000
0  -0.664024 0.030086 0.607592  -0.154052 -0.766708 0.623239  0.313757 0.049130 1 1 1.000000
baby_seat
0  -0.673614 -0.031069 0.629177  0.154057 0.766708 -0.623238  0.121630 0.272871 1 1 1.000000
0  -0.661118 -0.034843 0.627622  0.154057 0.766708 -0.623238  0.134615 0.279934 1 1 1.000000
0  -0.671276 -0.034833 0.625124  0.154057 0.766708 -0.623238  0.122547 0.278158 1 1 1.000000
baby_seat
0  -0.664503 -0.026837 0.632326  0.233994 0.203715 -0.950656  0.060070 0.194347 1 1 1.000000
0  -0.673614 -0.031069 0.629177  0.233994 0.203715 -0.950656  0.049072 0.199299 1 1 1.000000
0  -0.674521 -0.027368 0.629747  0.233994 0.203715 -0.950656  0.048102 0.194978 1 1 1.000000
baby_seat
0  -0.652807 -0.021794 0.603564  0.926509 -0.002879 0.376262  0.643600 0.816047 1 1 1.000000
0  -0.626209 -0.026375 0.538036  0.633063 -0.231598 0.738643  0.726087 0.810297 1 1 1.000000
0  -0.626203 -0.001961 0.538206  0.376934 -0.004679 0.926228  0.726044 0.838781 1 1 1.000000
baby_seat
0  -0.662939 -0.030931 0.602933  -0.234092 0.193809 0.952701  0.328150 0.089160 1 1 1.000000
0  -0.652801 -0.030942 0.605426  -0.234092 0.193809 0.952701  0.316034 0.089161 1 1 1.000000
0  -0.653189 -0.026700 0.604468  -0.234092 0.193809 0.952701  0.316639 0.084217 1 1 1.000000
baby_seat
0  -0.662854 -0.021783 0.601093  -0.926280 0.001727 -0.376831  0.404063 0.702222 1 1 1.000000
0  -0.635999 -0.001948 0.535172  -0.955223 0.001296 -0.295883  0.320931 0.724944 1 1 1.000000
0  -0.635993 -0.026894 0.535044  -0.954938 -0.050525 -0.292475  0.320931 0.695838 1 1 1.000000
baby_seat
0  -0.653862 -0.034749 0.609753  -0.000237 0.999987 0.005146  0.134601 0.302431 1 1 1.000000
0  -0.671276 -0.034833 0.625124  -0.000237 0.999987 0.005146  0.122547 0.278158 1 1 1.000000
0  -0.661118 -0.034843 0.627622  -0.000237 0.999987 0.005146  0.134615 0.279934 1 1 1.000000
baby_seat
0  -0.664886 0.017028 0.633482  0.926509 -0.000547 0.376271  0.606176 0.861526 1 1 1.000000
0  -0.672463 0.021816 0.652148  0.358753 -0.042570 0.932461  0.582699 0.867227 1 1 1.000000
0  -0.672460 -0.002559 0.652106  0.389890 -0.004710 0.920849  0.582607 0.838789 1 1 1.000000
baby_seat
0  -0.652801 -0.030942 0.605426  -0.154426 0.760181 0.631092  0.133674 0.307692 1 1 1.000000
0  -0.664009 -0.034739 0.607258  -0.154426 0.760181 0.631092  0.122547 0.300657 1 1 1.000000
0  -0.653862 -0.034749 0.609753  -0.154426 0.760181 0.631092  0.134601 0.302431 1 1 1.000000
baby_seat
0  -0.664876 -0.021949 0.633282  0.238807 0.005054 -0.971054  0.059773 0.188641 1 1 1.000000
0  -0.674942 -0.021939 0.630806  0.238807 0.005054 -0.971054  0.047763 0.188639 1 1 1.000000
0  -0.674947 -0.002450 0.630907  0.238807 0.005054 -0.971054  0.047763 0.165900 1 1 1.000000
baby_seat
0  -0.664024 0.030086 0.607592  0.000237 -0.999987 -0.005147  0.313757 0.049130 1 1 1.000000
0  -0.661134 0.029982 0.627956  0.000237 -0.999987 -0.005147  0.301690 0.028386 1 1 1.000000
0  -0.671292 0.029992 0.625458  0.000237 -0.999987 -0.005147  0.313757 0.026632 1 1 1.000000
baby_seat
0  -0.674951 0.017039 0.631007  -0.926280 0.001731 -0.376833  0.441476 0.747707 1 1 1.000000
0  -0.681993 -0.002541 0.648228  -0.920720 -0.002265 0.390217  0.463287 0.724973 1 1 1.000000
0  -0.681999 0.022378 0.648356  -0.924128 0.051473 0.378599  0.463287 0.754047 1 1 1.000000
baby_seat
0  -0.549872 0.076403 0.353340  0.902912 0.202639 0.379061  0.966091 0.928237 1 1 1.000000
0  -0.571171 0.021070 0.369058  0.894441 -0.053242 0.444005  0.939517 0.863957 1 1 1.000000
0  -0.554917 0.016349 0.349564  0.919481 0.048046 0.390187  0.967654 0.858228 1 1 1.000000
baby_seat
0  -0.571091 -0.001077 0.368895  0.898107 -0.002050 0.439772  0.939602 0.838117 1 1 1.000000
0  -0.605817 -0.024053 0.530416  0.861394 -0.187282 0.472151  0.749455 0.811936 1 1 1.000000
0  -0.571160 -0.023224 0.368830  0.894384 0.049057 0.444602  0.939517 0.812278 1 1 1.000000
baby_seat
0  -0.557503 -0.000868 0.328976  0.883448 -0.002211 0.468524  0.418678 0.126090 1 1 1.000000
0  -0.556509 0.023283 0.338347  0.871056 0.093430 -0.482215  0.421154 0.097868 1 1 1.000000
0  -0.548802 -0.000914 0.338199  0.939134 0.001973 -0.343545  0.430070 0.126102 1 1 1.000000
baby_seat
0  -0.550153 -0.000947 0.344680  0.844501 -0.002576 0.535547  0.000511 0.042719 1 1 1.000000
0  -0.554917 0.016349 0.349564  0.919481 0.048046 0.390187  0.005245 0.022514 1 1 1.000000
0  -0.550813 -0.000948 0.344870  0.494079 -0.004365 0.869406  0.001243 0.042720 1 1 1.000000
baby_seat
0  -0.581040 0.088650 0.357929  0.808995 0.356604 0.467291  0.029720 0.034939 1 1 1.000000
0  -0.589168 0.083069 0.451024  0.446336 0.801268 0.398438  0.005673 0.141461 1 1 1.000000
0  -0.571274 0.083721 0.365447  0.455446 0.850460 0.263225  0.016002 0.040009 1 1 1.000000
baby_seat
0  -0.626203 -0.001961 0.538206  0.376934 -0.004679 0.926228  0.155155 0.114871 1 1 1.000000
0  -0.615949 -0.026154 0.542704  0.239406 -0.393577 0.887571  0.167740 0.086665 1 1 1.000000
0  -0.615838 -0.001981 0.542560  0.232700 -0.004934 0.972536  0.167832 0.114867 1 1 1.000000
baby_seat
0  -0.571160 -0.023224 0.368830  0.894384 0.049057 0.444602  0.939517 0.812278 1 1 1.000000
0  -0.550813 -0.000948 0.344870  0.494079 -0.004365 0.869406  0.974419 0.837991 1 1 1.000000
0  -0.571091 -0.001077 0.368895  0.898107 -0.002050 0.439772  0.939602 0.838117 1 1 1.000000
baby_seat
0  -0.559144 -0.090606 0.334267  0.678220 -0.059490 0.732447  0.417574 0.230769 1 1 1.000000
0  -0.556498 -0.025115 0.338098  0.871078 -0.088046 -0.483188  0.421154 0.154338 1 1 1.000000
0  -0.549791 -0.088845 0.341617  0.785090 -0.594655 -0.173259  0.429452 0.228681 1 1 1.000000
baby_seat
0  -0.566138 0.023603 0.331505  0.971060 0.073779 0.227155  0.409028 0.097525 1 1 1.000000
0  -0.549833 0.086977 0.342522  0.784599 0.597022 -0.167237  0.429452 0.023535 1 1 1.000000
0  -0.556509 0.023283 0.338347  0.871056 0.093430 -0.482215  0.421154 0.097868 1 1 1.000000
baby_seat
0  -0.580998 -0.090691 0.357005  0.809160 -0.361010 0.463607  0.540210 0.806207 1 1 1.000000
0  -0.549791 -0.088845 0.341617  0.785090 -0.594655 -0.173259  0.510834 0.834310 1 1 1.000000
0  -0.571234 -0.085835 0.364574  0.455874 -0.852889 0.254479  0.526469 0.801346 1 1 1.000000
baby_seat
0  -0.566126 -0.025369 0.331253  0.971094 -0.075642 0.226393  0.409028 0.154666 1 1 1.000000
0  -0.548802 -0.000914 0.338199  0.939134 0.001973 -0.343545  0.430070 0.126102 1 1 1.000000
0  -0.556498 -0.025115 0.338098  0.871078 -0.088046 -0.483188  0.421154 0.154338 1 1 1.000000
baby_seat
0  -0.605832 -0.001918 0.530679  0.898723 -0.002085 0.438513  0.749288 0.837762 1 1 1.000000
0  -0.615961 0.022188 0.542952  0.239199 0.384538 0.891580  0.731739 0.866024 1 1 1.000000
0  -0.615838 -0.001981 0.542560  0.232700 -0.004934 0.972536  0.732081 0.837824 1 1 1.000000
baby_seat
0  -0.615838 -0.001981 0.542560  0.232700 -0.004934 0.972536  0.732081 0.837824 1 1 1.000000
0  -0.605817 -0.024053 0.530416  0.861394 -0.187282 0.472151  0.749455 0.811936 1 1 1.000000
0  -0.605832 -0.001918 0.530679  0.898723 -0.002085 0.438513  0.749288 0.837762 1 1 1.000000
baby_seat
0  -0.565634 0.076382 0.369961  0.834082 0.337080 0.436674  0.941253 0.928424 1 1 1.000000
0  -0.549833 0.086977 0.342522  0.784599 0.597022 -0.167237  0.977886 0.940559 1 1 1.000000
0  -0.571274 0.083721 0.365447  0.455446 0.850460 0.263225  0.943739 0.937049 1 1 1.000000
baby_seat
0  -0.582083 0.076210 0.448762  0.897062 0.324300 0.300181  0.848762 0.928523 1 1 1.000000
0  -0.571274 0.083721 0.365447  0.455446 0.850460 0.263225  0.943739 0.937049 1 1 1.000000
0  -0.589168 0.083069 0.451024  0.446336 0.801268 0.398438  0.843279 0.936614 1 1 1.000000
baby_seat
0  -0.549836 -0.078383 0.352543  0.902995 -0.206112 0.376985  0.966092 0.747646 1 1 1.000000
0  -0.571234 -0.085835 0.364574  0.455874 -0.852889 0.254479  0.943740 0.739225 1 1 1.000000
0  -0.549791 -0.088845 0.341617  0.785090 -0.594655 -0.173259  0.977887 0.735425 1 1 1.000000
baby_seat
0  -0.565597 -0.078540 0.369164  0.834254 -0.341164 0.433159  0.941254 0.747674 1 1 1.000000
0  -0.589128 -0.086073 0.450154  0.446703 -0.805120 0.390176  0.843280 0.739273 1 1 1.000000
0  -0.571234 -0.085835 0.364574  0.455874 -0.852889 0.254479  0.943740 0.739225 1 1 1.000000
baby_seat
0  -0.549872 0.076403 0.353340  0.902912 0.202639 0.379061  0.966091 0.928237 1 1 1.000000
0  -0.556509 0.023283 0.338347  0.871056 0.093430 -0.482215  0.979153 0.866323 1 1 1.000000
0  -0.549833 0.086977 0.342522  0.784599 0.597022 -0.167237  0.977886 0.940559 1 1 1.000000
baby_seat
0  -0.554909 -0.018296 0.349385  0.919512 -0.051631 0.389656  0.967654 0.817807 1 1 1.000000
0  -0.549791 -0.088845 0.341617  0.785090 -0.594655 -0.173259  0.977887 0.735425 1 1 1.000000
0  -0.556498 -0.025115 0.338098  0.871078 -0.088046 -0.483188  0.979153 0.809856 1 1 1.000000
baby_seat
0  -0.548802 -0.000914 0.338199  0.939134 0.001973 -0.343545  0.982517 0.837999 1 1 1.000000
0  -0.554917 0.016349 0.349564  0.919481 0.048046 0.390187  0.967654 0.858228 1 1 1.000000
0  -0.550153 -0.000947 0.344680  0.844501 -0.002576 0.535547  0.974911 0.837984 1 1 1.000000
baby_seat
0  -0.550153 -0.000947 0.344680  0.844501 -0.002576 0.535547  0.974911 0.837984 1 1 1.000000
0  -0.556498 -0.025115 0.338098  0.871078 -0.088046 -0.483188  0.979153 0.809856 1 1 1.000000
0  -0.548802 -0.000914 0.338199  0.939134 0.001973 -0.343545  0.982517 0.837999 1 1 1.000000
baby_seat
0  -0.589168 0.083069 0.451024  0.446336 0.801268 0.398438  0.843279 0.936614 1 1 1.000000
0  -0.605827 0.020219 0.530644  0.861297 0.182845 0.474063  0.749455 0.863589 1 1 1.000000
0  -0.582083 0.076210 0.448762  0.897062 0.324300 0.300181  0.848762 0.928523 1 1 1.000000
baby_seat
0  -0.615949 -0.026154 0.542704  0.239406 -0.393577 0.887571  0.731739 0.809623 1 1 1.000000
0  -0.582046 -0.079187 0.447962  0.897213 -0.326958 0.296827  0.848763 0.747218 1 1 1.000000
0  -0.605817 -0.024053 0.530416  0.861394 -0.187282 0.472151  0.749455 0.811936 1 1 1.000000
baby_seat
0  -0.626221 0.022453 0.538287  0.632948 0.224282 0.740996  0.155135 0.143357 1 1 1.000000
0  -0.615838 -0.001981 0.542560  0.232700 -0.004934 0.972536  0.167832 0.114867 1 1 1.000000
0  -0.615961 0.022188 0.542952  0.239199 0.384538 0.891580  0.167740 0.143069 1 1 1.000000
baby_seat
0  -0.378423 0.013631 0.360490  0.368946 0.100097 0.924045  0.935315 0.373656 1 1 1.000000
0  -0.400075 0.044539 0.354227  -0.090351 0.271060 0.958313  0.909270 0.409690 1 1 1.000000
0  -0.399613 0.013316 0.363227  -0.046034 0.116043 0.992177  0.911262 0.373304 1 1 1.000000
baby_seat
0  -0.480975 0.057862 0.334031  -0.493388 0.372316 0.786097  0.812532 0.425146 1 1 1.000000
0  -0.400075 0.044539 0.354227  -0.090351 0.271060 0.958313  0.909270 0.409690 1 1 1.000000
0  -0.413331 0.085883 0.337500  -0.143738 0.651642 0.744784  0.891251 0.457848 1 1 1.000000
baby_seat
0  -0.392857 0.087109 0.333119  0.137453 0.756288 0.639637  0.866241 0.588107 1 1 1.000000
0  -0.362814 0.072109 0.335144  0.669368 0.458639 0.584463  0.843325 0.615385 1 1 1.000000
0  -0.375397 0.087955 0.317894  0.346588 0.807028 0.478104  0.839267 0.589942 1 1 1.000000
baby_seat
0  -0.413331 0.085883 0.337500  -0.143738 0.651642 0.744784  0.891251 0.457848 1 1 1.000000
0  -0.379364 0.066363 0.349966  0.291911 0.434878 0.851862  0.932514 0.435130 1 1 1.000000
0  -0.392857 0.087109 0.333119  0.137453 0.756288 0.639637  0.914212 0.459255 1 1 1.000000
baby_seat
0  -0.400054 -0.046459 0.353759  -0.090220 -0.280953 0.955471  0.909270 0.303515 1 1 1.000000
0  -0.399606 -0.015330 0.363080  -0.045964 -0.126261 0.990932  0.911262 0.339880 1 1 1.000000
0  -0.412660 -0.001010 0.363084  -0.174794 -0.005109 0.984592  0.896168 0.356590 1 1 1.000000
baby_seat
0  -0.400054 -0.046459 0.353759  -0.090220 -0.280953 0.955471  0.909270 0.303515 1 1 1.000000
0  -0.378416 -0.015607 0.360339  0.368988 -0.109421 0.922971  0.935315 0.339542 1 1 1.000000
0  -0.399606 -0.015330 0.363080  -0.045964 -0.126261 0.990932  0.911262 0.339880 1 1 1.000000
baby_seat
0  -0.379332 -0.068228 0.349273  0.292119 -0.443486 0.847341  0.012359 0.613849 1 1 1.000000
0  -0.362088 -0.015530 0.347077  0.789572 -0.070918 0.609546  0.022514 0.675120 1 1 1.000000
0  -0.378416 -0.015607 0.360339  0.368988 -0.109421 0.922971  0.001068 0.675246 1 1 1.000000
baby_seat
0  -0.400054 -0.046459 0.353759  -0.090220 -0.280953 0.955471  0.909270 0.303515 1 1 1.000000
0  -0.480947 -0.059611 0.333426  -0.493194 -0.380601 0.782242  0.812532 0.288080 1 1 1.000000
0  -0.413290 -0.087634 0.336607  -0.143428 -0.659338 0.738039  0.891251 0.255391 1 1 1.000000
baby_seat
0  -0.362779 -0.073813 0.334392  0.669602 -0.464330 0.579682  0.445295 0.835896 1 1 1.000000
0  -0.392816 -0.088806 0.332214  0.137791 -0.762767 0.631823  0.468949 0.862886 1 1 1.000000
0  -0.375355 -0.089487 0.316981  0.346951 -0.811738 0.469794  0.442031 0.861072 1 1 1.000000
baby_seat
0  -0.379332 -0.068228 0.349273  0.292119 -0.443486 0.847341  0.932513 0.278091 1 1 1.000000
0  -0.413290 -0.087634 0.336607  -0.143428 -0.659338 0.738039  0.891251 0.255391 1 1 1.000000
0  -0.392816 -0.088806 0.332214  0.137791 -0.762767 0.631823  0.914211 0.254000 1 1 1.000000
baby_seat
0  -0.467772 0.029974 0.345332  -0.442031 0.133205 0.887054  0.829615 0.392661 1 1 1.000000
0  -0.412660 -0.001010 0.363084  -0.174794 -0.005109 0.984592  0.896168 0.356590 1 1 1.000000
0  -0.400075 0.044539 0.354227  -0.090351 0.271060 0.958313  0.909270 0.409690 1 1 1.000000
baby_seat
0  -0.399606 -0.015330 0.363080  -0.045964 -0.126261 0.990932  0.911262 0.339880 1 1 1.000000
0  -0.399613 0.013316 0.363227  -0.046034 0.116043 0.992177  0.911262 0.373304 1 1 1.000000
0  -0.412660 -0.001010 0.363084  -0.174794 -0.005109 0.984592  0.896168 0.356590 1 1 1.000000
baby_seat
0  -0.399606 -0.015330 0.363080  -0.045964 -0.126261 0.990932  0.911262 0.339880 1 1 1.000000
0  -0.378423 0.013631 0.360490  0.368946 0.100097 0.924045  0.935315 0.373656 1 1 1.000000
0  -0.399613 0.013316 0.363227  -0.046034 0.116043 0.992177  0.911262 0.373304 1 1 1.000000
baby_seat
0  -0.378416 -0.015607 0.360339  0.368988 -0.109421 0.922971  0.001068 0.675246 1 1 1.000000
0  -0.362095 0.013699 0.347227  0.789476 0.064983 0.610332  0.022514 0.709223 1 1 1.000000
0  -0.378423 0.013631 0.360490  0.368946 0.100097 0.924045  0.001068 0.709358 1 1 1.000000
baby_seat
0  -0.362095 0.013699 0.347227  0.789476 0.064983 0.610332  0.022514 0.709223 1 1 1.000000
0  -0.379364 0.066363 0.349966  0.291911 0.434878 0.851862  0.012359 0.770879 1 1 1.000000
0  -0.378423 0.013631 0.360490  0.368946 0.100097 0.924045  0.001068 0.709358 1 1 1.000000
baby_seat
0  -0.218223 0.008384 0.314010  0.015174 0.998790 -0.046786  0.220824 0.293352 1 1 1.000000
0  -0.212206 0.008319 0.291502  -0.062188 0.615794 -0.785449  0.195224 0.302447 1 1 1.000000
0  -0.456156 0.008319 0.310817  -0.489093 0.622741 -0.610722  0.195224 0.016996 1 1 1.000000
baby_seat
0  -0.222890 0.007991 0.330443  0.031119 0.770780 0.636341  0.239510 0.286404 1 1 1.000000
0  -0.218223 0.008384 0.314010  0.015174 0.998790 -0.046786  0.220824 0.293352 1 1 1.000000
0  -0.462173 0.008384 0.333325  -0.412549 0.910227 -0.035931  0.220824 0.007901 1 1 1.000000
baby_seat
0  -0.212206 0.000506 0.291502  -0.078928 -0.000000 -0.996880  0.283189 0.010115 1 1 1.000000
0  -0.212206 -0.007306 0.291502  -0.062188 -0.615794 -0.785449  0.283181 0.000999 1 1 1.000000
0  -0.456156 -0.007306 0.310817  -0.489084 -0.622738 -0.610732  0.562922 0.000999 1 1 1.000000
baby_seat
0  -0.218223 -0.007371 0.314010  -0.015508 -0.997606 0.067398  0.483116 0.837098 1 1 1.000000
0  -0.222890 -0.006978 0.330443  0.031118 -0.770759 0.636367  0.464436 0.830192 1 1 1.000000
0  -0.466841 -0.006978 0.342218  0.043184 -0.455238 0.889322  0.473206 0.545668 1 1 1.000000
baby_seat
0  -0.462173 0.008384 0.333325  -0.412549 0.910227 -0.035931  0.314685 0.312106 1 1 1.000000
0  -0.456156 0.008319 0.310817  -0.489093 0.622741 -0.610722  0.314624 0.339161 1 1 1.000000
0  -0.456156 0.000506 0.310817  -0.625571 -0.000538 -0.780167  0.305509 0.339161 1 1 1.000000
baby_seat
0  -0.463607 0.000506 0.332693  -0.955353 0.064069 -0.288438  0.305504 0.312209 1 1 1.000000
0  -0.456156 0.000506 0.310817  -0.625571 -0.000538 -0.780167  0.305509 0.339161 1 1 1.000000
0  -0.456156 -0.007306 0.310817  -0.489084 -0.622738 -0.610732  0.296393 0.339161 1 1 1.000000
baby_seat
0  -0.222890 -0.006978 0.330443  0.031118 -0.770759 0.636367  0.241276 0.015645 1 1 1.000000
0  -0.224102 0.000506 0.329883  0.048211 0.000000 0.998837  0.250005 0.017142 1 1 1.000000
0  -0.468053 0.000506 0.341657  0.048211 -0.000001 0.998837  0.250005 0.297203 1 1 1.000000
baby_seat
0  -0.212206 0.008319 0.291502  -0.062188 0.615794 -0.785449  0.283196 0.019231 1 1 1.000000
0  -0.212206 0.000506 0.291502  -0.078928 -0.000000 -0.996880  0.283189 0.010115 1 1 1.000000
0  -0.456156 0.000506 0.310817  -0.625571 -0.000538 -0.780167  0.562930 0.010115 1 1 1.000000
baby_seat
0  -0.224102 0.000506 0.329883  0.048211 0.000000 0.998837  0.250005 0.017142 1 1 1.000000
0  -0.222890 0.007991 0.330443  0.031119 0.770780 0.636341  0.258741 0.015659 1 1 1.000000
0  -0.466841 0.007991 0.342218  0.043183 0.455226 0.889328  0.258741 0.295719 1 1 1.000000
baby_seat
0  -0.212206 -0.007306 0.291502  -0.062188 -0.615794 -0.785449  0.508741 0.846154 1 1 1.000000
0  -0.218223 -0.007371 0.314010  -0.015508 -0.997606 0.067398  0.483116 0.837098 1 1 1.000000
0  -0.462173 -0.007371 0.333325  -0.442993 -0.888533 -0.119442  0.483116 0.551884 1 1 1.000000
baby_seat
0  -0.654539 0.107526 0.604394  -0.630351 0.775895 0.025404  0.167715 0.037784 1 1 1.000000
0  -0.668601 0.089213 0.637475  -0.735066 0.631236 0.247426  0.188181 0.000533 1 1 1.000000
0  -0.659063 0.088106 0.641180  0.446129 0.534190 0.718060  0.198625 0.006402 1 1 1.000000
baby_seat
0  -0.668601 0.089213 0.637475  -0.735066 0.631236 0.247426  0.178601 0.072741 1 1 1.000000
0  -0.673745 0.069317 0.649515  -0.830490 0.304212 0.466628  0.182608 0.095895 1 1 1.000000
0  -0.664207 0.068210 0.653221  0.383119 0.153506 0.910854  0.170991 0.097170 1 1 1.000000
baby_seat
0  -0.333013 0.136945 0.274641  0.862511 0.495791 -0.101324  0.260146 0.181264 1 1 1.000000
0  -0.322707 0.123155 0.381202  0.702766 0.683577 -0.197084  0.260146 0.069068 1 1 1.000000
0  -0.322173 0.116924 0.382057  0.565485 -0.804979 -0.179542  0.267241 0.067302 1 1 1.000000
baby_seat
0  -0.360361 0.147656 0.180132  -0.231042 0.138761 -0.962998  0.260550 0.272727 1 1 1.000000
0  -0.333013 0.136945 0.274641  0.862511 0.495791 -0.101324  0.260146 0.181264 1 1 1.000000
0  -0.338372 0.127222 0.274569  0.395612 -0.898042 -0.192386  0.270979 0.177370 1 1 1.000000
baby_seat
0  -0.524334 0.128645 0.443060  0.816909 0.559030 0.141933  0.442279 0.132140 1 1 1.000000
0  -0.523746 0.128844 0.464970  0.705617 0.654474 -0.271603  0.443853 0.108715 1 1 1.000000
0  -0.523506 0.119718 0.465905  0.553421 -0.822494 -0.131260  0.454545 0.108587 1 1 1.000000
baby_seat
0  -0.517363 0.129058 0.422489  0.074084 0.976168 0.203980  0.439940 0.157343 1 1 1.000000
0  -0.524334 0.128645 0.443060  0.816909 0.559030 0.141933  0.442279 0.132140 1 1 1.000000
0  -0.527253 0.123042 0.442561  0.465450 -0.884157 0.040281  0.448821 0.131893 1 1 1.000000
baby_seat
0  -0.360347 0.076158 0.179764  -0.620568 -0.365530 -0.693746  0.048951 0.035506 1 1 1.000000
0  -0.360361 0.147656 0.180132  -0.231042 0.138761 -0.962998  0.024892 0.115385 1 1 1.000000
0  -0.357926 0.143261 0.180666  0.745650 -0.108782 -0.657399  0.023596 0.109640 1 1 1.000000
baby_seat
0  -0.335876 0.068145 0.186392  0.908858 -0.044186 -0.414757  0.667414 0.694513 1 1 1.000000
0  -0.349190 0.079629 0.299565  0.959275 0.097341 0.265172  0.795319 0.659113 1 1 1.000000
0  -0.356004 0.072146 0.298333  0.071946 -0.996988 0.028976  0.797190 0.667353 1 1 1.000000
baby_seat
0  -0.349190 0.079629 0.299565  0.959275 0.097341 0.265172  0.795319 0.659113 1 1 1.000000
0  -0.358145 0.077188 0.323102  0.874527 0.367008 0.317029  0.824764 0.658657 1 1 1.000000
0  -0.363562 0.072004 0.317698  0.226010 -0.773285 -0.592410  0.821439 0.667100 1 1 1.000000
baby_seat
0  -0.343251 0.060965 0.186420  0.066024 -0.893763 -0.443654  0.034182 0.012576 1 1 1.000000
0  -0.360347 0.076158 0.179764  -0.620568 -0.365530 -0.693746  0.048951 0.035506 1 1 1.000000
0  -0.351544 0.079746 0.180318  0.609000 0.157734 -0.777328  0.037909 0.036555 1 1 1.000000
baby_seat
0  -0.673745 0.069317 0.649515  -0.830490 0.304212 0.466628  0.182608 0.095895 1 1 1.000000
0  -0.681999 0.022378 0.648356  -0.924128 0.051473 0.378599  0.192308 0.150667 1 1 1.000000
0  -0.672463 0.021816 0.652148  0.358753 -0.042570 0.932461  0.180679 0.151305 1 1 1.000000
baby_seat
0  -0.523746 0.128844 0.464970  0.705617 0.654474 -0.271603  0.443853 0.108715 1 1 1.000000
0  -0.517964 0.144549 0.486604  0.220552 0.876900 -0.427086  0.427249 0.086518 1 1 1.000000
0  -0.511663 0.136976 0.489584  0.991964 -0.122173 -0.032886  0.436172 0.086673 1 1 1.000000
baby_seat
0  -0.517964 0.144549 0.486604  0.220552 0.876900 -0.427086  0.427249 0.086518 1 1 1.000000
0  -0.518359 0.145248 0.498195  0.202098 0.977815 -0.055079  0.427407 0.073768 1 1 1.000000
0  -0.512058 0.137675 0.501176  0.945190 -0.079102 0.316796  0.436329 0.073923 1 1 1.000000
baby_seat
0  -0.518359 0.145248 0.498195  0.202098 0.977815 -0.055079  0.427407 0.073768 1 1 1.000000
0  -0.524160 0.146109 0.508126  0.023295 0.963567 0.266452  0.427354 0.060457 1 1 1.000000
0  -0.517859 0.138536 0.511107  0.794897 -0.086677 0.600521  0.436277 0.060612 1 1 1.000000
baby_seat
0  -0.524160 0.146109 0.508126  0.023295 0.963567 0.266452  0.427354 0.060457 1 1 1.000000
0  -0.551656 0.134181 0.533072  0.128917 0.716039 0.686053  0.443900 0.022618 1 1 1.000000
0  -0.549988 0.125018 0.533296  0.316828 -0.567891 0.759684  0.454545 0.023879 1 1 1.000000
baby_seat
0  -0.681999 0.022378 0.648356  -0.924128 0.051473 0.378599  0.192308 0.150667 1 1 1.000000
0  -0.681993 -0.002541 0.648228  -0.920720 -0.002265 0.390217  0.192308 0.179742 1 1 1.000000
0  -0.672460 -0.002559 0.652106  0.389890 -0.004710 0.920849  0.180668 0.179745 1 1 1.000000
baby_seat
0  -0.372557 -0.095517 0.303690  0.687979 -0.527451 0.498479  0.429048 0.869899 1 1 1.000000
0  -0.358108 -0.078765 0.322299  0.874705 -0.369834 0.313231  0.431705 0.842159 1 1 1.000000
0  -0.362779 -0.073813 0.334392  0.669602 -0.464330 0.579682  0.445295 0.835896 1 1 1.000000
baby_seat
0  -0.355298 0.145317 0.423587  -0.235432 0.764891 -0.599594  0.155749 0.337914 1 1 1.000000
0  -0.379150 0.145293 0.427019  0.129983 0.750960 -0.647429  0.183856 0.338311 1 1 1.000000
0  -0.380158 0.145242 0.436955  -0.047778 0.551362 0.832897  0.186520 0.349650 1 1 1.000000
baby_seat
0  -0.333201 0.145400 0.408455  -0.112326 0.794162 -0.597236  0.127908 0.323726 1 1 1.000000
0  -0.355298 0.145317 0.423587  -0.235432 0.764891 -0.599594  0.155749 0.337914 1 1 1.000000
0  -0.351657 0.145269 0.432926  0.301885 0.572752 0.762116  0.152946 0.349259 1 1 1.000000
baby_seat
0  -0.454122 0.157197 0.400134  0.091161 0.697554 -0.710710  0.266809 0.295409 1 1 1.000000
0  -0.484069 0.153531 0.403420  -0.415359 0.737525 -0.532479  0.301857 0.294908 1 1 1.000000
0  -0.480935 0.153482 0.412994  -0.034845 0.588487 0.807755  0.299675 0.306448 1 1 1.000000
baby_seat
0  -0.379150 0.145293 0.427019  0.129983 0.750960 -0.647429  0.183856 0.338311 1 1 1.000000
0  -0.454122 0.157197 0.400134  0.091161 0.697554 -0.710710  0.266809 0.295409 1 1 1.000000
0  -0.455298 0.157146 0.410093  -0.066064 0.725425 0.685124  0.269670 0.306748 1 1 1.000000
baby_seat
0  -0.517045 0.121558 0.425056  0.358903 -0.801004 0.479147  0.342497 0.316587 1 1 1.000000
0  -0.480935 0.153482 0.412994  -0.034845 0.588487 0.807755  0.299675 0.306448 1 1 1.000000
0  -0.484069 0.153531 0.403420  -0.415359 0.737525 -0.532479  0.301857 0.294908 1 1 1.000000
baby_seat
0  -0.322707 0.123155 0.381202  0.702766 0.683577 -0.197084  0.111123 0.294908 1 1 1.000000
0  -0.333201 0.145400 0.408455  -0.112326 0.794162 -0.597236  0.127908 0.323726 1 1 1.000000
0  -0.325493 0.145370 0.414556  0.797291 0.496713 0.342932  0.119912 0.331935 1 1 1.000000
baby_seat
0  -0.644949 -0.111064 0.606981  0.628554 -0.610913 0.481358  0.276636 0.042746 1 1 1.000000
0  -0.659020 -0.093099 0.640248  0.446376 -0.541356 0.712519  0.256483 0.006427 1 1 1.000000
0  -0.668558 -0.094173 0.636531  -0.734776 -0.634074 0.240945  0.266894 0.000495 1 1 1.000000
baby_seat
0  -0.659020 -0.093099 0.640248  0.446376 -0.541356 0.712519  0.166983 0.285444 1 1 1.000000
0  -0.664173 -0.073331 0.652492  0.383195 -0.162651 0.909234  0.170991 0.262318 1 1 1.000000
0  -0.673711 -0.074404 0.648775  -0.830353 -0.309392 0.463456  0.182608 0.263588 1 1 1.000000
baby_seat
0  -0.338312 -0.128288 0.273254  0.395200 0.900164 -0.183088  0.012238 0.439034 1 1 1.000000
0  -0.322118 -0.119089 0.380843  0.565094 0.807055 -0.171263  0.008330 0.548951 1 1 1.000000
0  -0.322649 -0.125311 0.379923  0.703106 -0.681163 -0.204102  0.001237 0.547267 1 1 1.000000
baby_seat
0  -0.357858 -0.143369 0.179191  0.745574 0.115919 -0.656264  0.007264 0.344211 1 1 1.000000
0  -0.338312 -0.128288 0.273254  0.395200 0.900164 -0.183088  0.012238 0.439034 1 1 1.000000
0  -0.332948 -0.138008 0.273226  0.862742 -0.494323 -0.106396  0.001237 0.435243 1 1 1.000000
baby_seat
0  -0.527194 -0.125927 0.441280  0.465014 0.883922 0.049428  0.107172 0.110918 1 1 1.000000
0  -0.523448 -0.122841 0.464656  0.553063 0.824044 -0.122771  0.101752 0.087589 1 1 1.000000
0  -0.523684 -0.131958 0.463628  0.705950 -0.651295 -0.278298  0.112430 0.087717 1 1 1.000000
baby_seat
0  -0.516987 -0.124258 0.423791  0.358497 0.796222 0.487350  0.107198 0.134366 1 1 1.000000
0  -0.527194 -0.125927 0.441280  0.465014 0.883922 0.049428  0.107172 0.110918 1 1 1.000000
0  -0.524273 -0.131534 0.441721  0.817168 -0.560075 0.136204  0.113787 0.111159 1 1 1.000000
baby_seat
0  -0.351506 -0.079851 0.179497  0.609058 -0.149430 -0.778921  0.286161 0.119391 1 1 1.000000
0  -0.357858 -0.143369 0.179191  0.745574 0.115919 -0.656264  0.271845 0.046304 1 1 1.000000
0  -0.360291 -0.147759 0.178612  -0.230961 -0.128939 -0.964381  0.273142 0.040560 1 1 1.000000
baby_seat
0  -0.343222 -0.061130 0.185791  0.065570 0.898300 -0.434463  0.347692 0.148038 1 1 1.000000
0  -0.355970 -0.073468 0.297584  0.071480 0.996671 0.039200  0.347692 0.020563 1 1 1.000000
0  -0.349152 -0.080960 0.298739  0.959318 -0.099609 0.264173  0.356643 0.021240 1 1 1.000000
baby_seat
0  -0.355970 -0.073468 0.297584  0.071480 0.996671 0.039200  0.101798 0.045845 1 1 1.000000
0  -0.363528 -0.073529 0.316949  0.225627 0.779457 -0.584414  0.098929 0.021767 1 1 1.000000
0  -0.358108 -0.078765 0.322299  0.874705 -0.369834 0.313231  0.106826 0.017124 1 1 1.000000
baby_seat
0  -0.335843 -0.068305 0.185690  0.908847 0.048901 -0.414253  0.271845 0.137800 1 1 1.000000
0  -0.351506 -0.079851 0.179497  0.609058 -0.149430 -0.778921  0.286161 0.119391 1 1 1.000000
0  -0.360311 -0.076261 0.178980  -0.620744 0.372366 -0.689942  0.297203 0.120438 1 1 1.000000
baby_seat
0  -0.664173 -0.073331 0.652492  0.383195 -0.162651 0.909234  0.170991 0.262318 1 1 1.000000
0  -0.672452 -0.026932 0.651897  0.358683 0.033624 0.932854  0.180679 0.208184 1 1 1.000000
0  -0.681988 -0.027460 0.648100  -0.924105 -0.055761 0.378048  0.192308 0.208816 1 1 1.000000
baby_seat
0  -0.523448 -0.122841 0.464656  0.553063 0.824044 -0.122771  0.101752 0.087589 1 1 1.000000
0  -0.511597 -0.140337 0.488157  0.991905 0.122982 -0.031627  0.120625 0.065634 1 1 1.000000
0  -0.517895 -0.147882 0.485099  0.220930 -0.872358 -0.436098  0.129371 0.065492 1 1 1.000000
baby_seat
0  -0.511597 -0.140337 0.488157  0.991905 0.122982 -0.031627  0.120625 0.065634 1 1 1.000000
0  -0.511992 -0.141155 0.499741  0.945148 0.076333 0.317598  0.120565 0.052876 1 1 1.000000
0  -0.518290 -0.148700 0.496682  0.202577 -0.977096 -0.065159  0.129311 0.052734 1 1 1.000000
baby_seat
0  -0.511992 -0.141155 0.499741  0.945148 0.076333 0.317598  0.120565 0.052876 1 1 1.000000
0  -0.517792 -0.142122 0.509662  0.794868 0.080875 0.601368  0.120573 0.039568 1 1 1.000000
0  -0.524090 -0.149666 0.506604  0.023753 -0.966256 0.256488  0.129319 0.039426 1 1 1.000000
baby_seat
0  -0.517792 -0.142122 0.509662  0.794868 0.080875 0.601368  0.120573 0.039568 1 1 1.000000
0  -0.549928 -0.128847 0.531989  0.316552 0.560196 0.765490  0.101752 0.002881 1 1 1.000000
0  -0.551591 -0.138009 0.531672  0.129253 -0.723007 0.678642  0.112356 0.001622 1 1 1.000000
baby_seat
0  -0.672452 -0.026932 0.651897  0.358683 0.033624 0.932854  0.180679 0.208184 1 1 1.000000
0  -0.672460 -0.002559 0.652106  0.389890 -0.004710 0.920849  0.180668 0.179745 1 1 1.000000
0  -0.681993 -0.002541 0.648228  -0.920720 -0.002265 0.390217  0.192308 0.179742 1 1 1.000000
baby_seat
0  -0.363562 0.072004 0.317698  0.226010 -0.773285 -0.592410  0.054195 0.777227 1 1 1.000000
0  -0.358145 0.077188 0.323102  0.874527 0.367008 0.317029  0.050720 0.783217 1 1 1.000000
0  -0.357320 0.014763 0.336016  0.999441 0.016630 0.029000  0.036734 0.710392 1 1 1.000000
baby_seat
0  -0.357320 0.014763 0.336016  0.999441 0.016630 0.029000  0.036734 0.710392 1 1 1.000000
0  -0.361590 -0.000796 0.323988  0.922448 0.002195 -0.386115  0.047823 0.692275 1 1 1.000000
0  -0.363546 -0.000762 0.317323  0.236501 0.005053 -0.971618  0.054196 0.692330 1 1 1.000000
baby_seat
0  -0.351588 -0.147971 0.431417  0.302162 -0.580426 0.756177  0.075024 0.045415 1 1 1.000000
0  -0.380088 -0.147998 0.435446  -0.047508 -0.559933 0.827174  0.075175 0.078963 1 1 1.000000
0  -0.379081 -0.147947 0.425509  0.130512 -0.743934 -0.655384  0.063847 0.076230 1 1 1.000000
baby_seat
0  -0.325424 -0.147870 0.413047  0.797530 -0.499843 0.337791  0.057924 0.012300 1 1 1.000000
0  -0.351588 -0.147971 0.431417  0.302162 -0.580426 0.756177  0.075024 0.045415 1 1 1.000000
0  -0.355229 -0.147924 0.422077  -0.235071 -0.758790 -0.607436  0.063651 0.048144 1 1 1.000000
baby_seat
0  -0.455223 -0.159660 0.408462  -0.065713 -0.732482 0.677608  0.032174 0.162112 1 1 1.000000
0  -0.480861 -0.156039 0.411401  -0.034535 -0.596777 0.801664  0.031495 0.191983 1 1 1.000000
0  -0.483995 -0.155991 0.401827  -0.415035 -0.732169 -0.540070  0.019932 0.194090 1 1 1.000000
baby_seat
0  -0.380088 -0.147998 0.435446  -0.047508 -0.559933 0.827174  0.075175 0.078963 1 1 1.000000
0  -0.455223 -0.159660 0.408462  -0.065713 -0.732482 0.677608  0.032174 0.162112 1 1 1.000000
0  -0.454047 -0.159609 0.398504  0.091497 -0.690150 -0.717859  0.020848 0.159181 1 1 1.000000
baby_seat
0  -0.517301 -0.131732 0.421147  0.074561 -0.978181 0.193915  0.036848 0.234266 1 1 1.000000
0  -0.483995 -0.155991 0.401827  -0.415035 -0.732169 -0.540070  0.019932 0.194090 1 1 1.000000
0  -0.480861 -0.156039 0.411401  -0.034535 -0.596777 0.801664  0.031495 0.191983 1 1 1.000000
baby_seat
0  -0.322118 -0.119089 0.380843  0.565094 0.807055 -0.171263  0.021040 0.001825 1 1 1.000000
0  -0.325424 -0.147870 0.413047  0.797530 -0.499843 0.337791  0.057924 0.012300 1 1 1.000000
0  -0.333132 -0.147840 0.406946  -0.111911 -0.788027 -0.605383  0.049653 0.020237 1 1 1.000000
baby_seat
0  -0.593013 0.127830 0.535226  -0.177138 0.857667 0.482732  0.149632 0.144570 1 1 1.000000
0  -0.635318 0.119352 0.559121  -0.572741 0.816991 -0.067027  0.140420 0.088662 1 1 1.000000
0  -0.628261 0.115193 0.564169  0.673935 0.437900 0.595025  0.150413 0.091279 1 1 1.000000
baby_seat
0  -0.635261 -0.123488 0.557871  -0.572351 -0.816532 -0.075429  0.314221 0.087053 1 1 1.000000
0  -0.592952 -0.131700 0.533890  -0.176733 -0.862678 0.473870  0.304952 0.142531 1 1 1.000000
0  -0.588849 -0.123102 0.535040  0.509268 0.519128 0.686405  0.300689 0.145821 1 1 1.000000
baby_seat
0  -0.551656 0.134181 0.533072  0.128917 0.716039 0.686053  0.263165 0.275847 1 1 1.000000
0  -0.593013 0.127830 0.535226  -0.177138 0.857667 0.482732  0.311189 0.275847 1 1 1.000000
0  -0.588906 0.119223 0.536287  0.509518 -0.525912 0.681035  0.307872 0.286523 1 1 1.000000
baby_seat
0  -0.592952 -0.131700 0.533890  -0.176733 -0.862678 0.473870  0.104895 0.105523 1 1 1.000000
0  -0.551591 -0.138009 0.531672  0.129253 -0.723007 0.678642  0.104895 0.153544 1 1 1.000000
0  -0.549928 -0.128847 0.531989  0.316552 0.560196 0.765490  0.094029 0.153846 1 1 1.000000
baby_seat
0  -0.635318 0.119352 0.559121  -0.572741 0.816991 -0.067027  0.140420 0.088662 1 1 1.000000
0  -0.654539 0.107526 0.604394  -0.630351 0.775895 0.025404  0.167715 0.037784 1 1 1.000000
0  -0.645000 0.106418 0.608100  0.628281 0.606199 0.487632  0.178160 0.043653 1 1 1.000000
baby_seat
0  -0.628206 -0.119378 0.562962  0.674149 -0.443701 0.590468  0.304324 0.089882 1 1 1.000000
0  -0.644949 -0.111064 0.606981  0.628554 -0.610913 0.481358  0.276636 0.042746 1 1 1.000000
0  -0.654487 -0.112137 0.603264  -0.629981 -0.776416 0.017397  0.287047 0.036813 1 1 1.000000
baby_seat
0  -0.353853 0.117869 0.427190  0.264477 -0.786294 0.558385  0.391063 0.433707 1 1 1.000000
0  -0.392175 0.141578 0.316610  0.427396 -0.797499 0.425826  0.518237 0.483142 1 1 1.000000
0  -0.376036 0.142031 0.302214  0.421233 -0.833755 0.356952  0.519087 0.508361 1 1 1.000000
baby_seat
0  -0.355292 0.122929 0.423473  -0.249809 0.724321 -0.642616  0.224611 0.441775 1 1 1.000000
0  -0.333194 0.123013 0.408341  -0.555554 0.714843 -0.424688  0.227273 0.472910 1 1 1.000000
0  -0.379074 0.147036 0.299971  -0.407154 0.854714 -0.322009  0.094341 0.511692 1 1 1.000000
baby_seat
0  -0.493838 0.091641 0.314644  -0.104185 0.220402 -0.969829  0.579983 0.135400 1 1 1.000000
0  -0.493544 0.061028 0.311902  0.003899 -0.071225 -0.997453  0.615714 0.135436 1 1 1.000000
0  -0.563540 0.091597 0.327054  -0.461314 0.280537 -0.841718  0.579971 0.214344 1 1 1.000000
baby_seat
0  -0.493544 0.061028 0.311902  0.003899 -0.071225 -0.997453  0.615714 0.135436 1 1 1.000000
0  -0.558703 -0.000817 0.319005  -0.149670 0.005053 -0.988723  0.687833 0.209849 1 1 1.000000
0  -0.571229 0.024093 0.323139  -0.505687 0.063653 -0.860365  0.658749 0.223776 1 1 1.000000
baby_seat
0  -0.482156 0.125990 0.408322  0.238550 -0.755309 0.610412  0.503545 0.333338 1 1 1.000000
0  -0.517045 0.121558 0.425056  0.358903 -0.801004 0.479147  0.514688 0.289389 1 1 1.000000
0  -0.558088 0.116225 0.382086  0.250704 -0.948066 0.195752  0.583972 0.284463 1 1 1.000000
baby_seat
0  -0.484063 0.131143 0.403307  -0.250297 0.737533 -0.627213  0.110908 0.340440 1 1 1.000000
0  -0.533405 0.126407 0.354890  -0.126999 0.961730 -0.242788  0.031080 0.331625 1 1 1.000000
0  -0.559893 0.125762 0.380130  -0.235352 0.950915 -0.200924  0.034324 0.289054 1 1 1.000000
baby_seat
0  -0.368557 0.142462 0.281544  0.499279 -0.847655 0.179446  0.123365 0.871024 1 1 1.000000
0  -0.376036 0.142031 0.302214  0.421233 -0.833755 0.356952  0.148858 0.873751 1 1 1.000000
0  -0.372602 0.094123 0.304666  0.687712 0.522625 0.503899  0.145182 0.929582 1 1 1.000000
baby_seat
0  -0.371512 0.147136 0.280610  -0.542686 0.830608 -0.124829  0.985807 0.588452 1 1 1.000000
0  -0.371500 0.090341 0.280317  -0.903353 -0.391129 -0.175985  0.919541 0.588450 1 1 1.000000
0  -0.379061 0.090239 0.299677  -0.711122 -0.455451 -0.535602  0.919544 0.564201 1 1 1.000000
baby_seat
0  -0.527253 0.123042 0.442561  0.465450 -0.884157 0.040281  0.506579 0.267255 1 1 1.000000
0  -0.549734 0.125388 0.445741  -0.142987 -0.989489 -0.021580  0.520451 0.244873 1 1 1.000000
0  -0.551436 0.127253 0.436608  -0.132791 -0.989114 0.063403  0.529865 0.250260 1 1 1.000000
baby_seat
0  -0.524334 0.128645 0.443060  0.816909 0.559030 0.141933  0.117168 0.274687 1 1 1.000000
0  -0.517363 0.129058 0.422489  0.074084 0.976168 0.203980  0.103740 0.296184 1 1 1.000000
0  -0.549609 0.137229 0.436105  0.167569 0.984257 -0.056209  0.091762 0.257055 1 1 1.000000
baby_seat
0  -0.330307 0.118007 0.410690  0.520155 -0.777605 0.353227  0.388278 0.467112 1 1 1.000000
0  -0.376036 0.142031 0.302214  0.421233 -0.833755 0.356952  0.519087 0.508361 1 1 1.000000
0  -0.368557 0.142462 0.281544  0.499279 -0.847655 0.179446  0.532026 0.530510 1 1 1.000000
baby_seat
0  -0.333194 0.123013 0.408341  -0.555554 0.714843 -0.424688  0.227273 0.472910 1 1 1.000000
0  -0.322707 0.123155 0.381202  0.702766 0.683577 -0.197084  0.210531 0.502432 1 1 1.000000
0  -0.371512 0.147136 0.280610  -0.542686 0.830608 -0.124829  0.082457 0.532825 1 1 1.000000
baby_seat
0  -0.392663 0.093218 0.320938  0.369003 0.560346 0.741519  0.912484 0.466324 1 1 1.000000
0  -0.392175 0.141578 0.316610  0.427396 -0.797499 0.425826  0.912329 0.522727 1 1 1.000000
0  -0.413571 0.112334 0.325151  0.200060 -0.120448 0.972352  0.888983 0.488651 1 1 1.000000
baby_seat
0  -0.395289 0.090169 0.312663  -0.260621 -0.338078 -0.904312  0.581720 0.021561 1 1 1.000000
0  -0.415837 0.090148 0.315795  0.031021 -0.152139 -0.987872  0.581727 0.044908 1 1 1.000000
0  -0.415843 0.114365 0.315920  -0.156114 0.169590 -0.973071  0.553472 0.044909 1 1 1.000000
baby_seat
0  -0.322173 0.116924 0.382057  0.565485 -0.804979 -0.179542  0.407903 0.495717 1 1 1.000000
0  -0.368557 0.142462 0.281544  0.499279 -0.847655 0.179446  0.532026 0.530510 1 1 1.000000
0  -0.357926 0.143261 0.180666  0.745650 -0.108782 -0.657399  0.614510 0.615385 1 1 1.000000
baby_seat
0  -0.610281 -0.113041 0.538481  0.710186 0.590221 0.383764  0.671159 0.269983 1 1 1.000000
0  -0.588849 -0.123102 0.535040  0.509268 0.519128 0.686405  0.684563 0.291740 1 1 1.000000
0  -0.583716 -0.132326 0.486133  0.390158 0.920663 -0.012507  0.644996 0.332685 1 1 1.000000
baby_seat
0  -0.617165 -0.118779 0.535079  -0.703241 -0.607122 -0.369939  0.321406 0.120427 1 1 1.000000
0  -0.600329 -0.123363 0.445444  -0.775782 -0.603776 -0.183351  0.390210 0.201437 1 1 1.000000
0  -0.587660 -0.141380 0.485933  -0.401800 -0.915621 0.013933  0.344667 0.182154 1 1 1.000000
baby_seat
0  -0.376036 0.142031 0.302214  0.421233 -0.833755 0.356952  0.148858 0.873751 1 1 1.000000
0  -0.392175 0.141578 0.316610  0.427396 -0.797499 0.425826  0.171329 0.876128 1 1 1.000000
0  -0.392663 0.093218 0.320938  0.369003 0.560346 0.741519  0.171329 0.932775 1 1 1.000000
baby_seat
0  -0.379074 0.147036 0.299971  -0.407154 0.854714 -0.322009  0.985811 0.564202 1 1 1.000000
0  -0.379061 0.090239 0.299677  -0.711122 -0.455451 -0.535602  0.919544 0.564201 1 1 1.000000
0  -0.395289 0.090169 0.312663  -0.260621 -0.338078 -0.904312  0.919634 0.543369 1 1 1.000000
baby_seat
0  -0.478736 0.032154 0.333990  -0.497052 0.026499 0.867316  0.815128 0.395151 1 1 1.000000
0  -0.478528 -0.000876 0.334024  -0.438694 -0.004786 0.898624  0.815391 0.356613 1 1 1.000000
0  -0.467590 -0.000931 0.345364  -0.497842 -0.004578 0.867256  0.829847 0.356602 1 1 1.000000
baby_seat
0  -0.493544 0.061028 0.311902  0.003899 -0.071225 -0.997453  0.615714 0.135436 1 1 1.000000
0  -0.415837 0.090148 0.315795  0.031021 -0.152139 -0.987872  0.581727 0.044908 1 1 1.000000
0  -0.400329 0.045842 0.333688  0.025836 -0.144478 -0.989171  0.633342 0.024376 1 1 1.000000
baby_seat
0  -0.363139 0.094077 0.282153  0.864574 0.473101 0.169373  0.799578 0.570312 1 1 1.000000
0  -0.349190 0.079629 0.299565  0.959275 0.097341 0.265172  0.802628 0.596940 1 1 1.000000
0  -0.335876 0.068145 0.186392  0.908858 -0.044186 -0.414757  0.698331 0.515418 1 1 1.000000
baby_seat
0  -0.371500 0.090341 0.280317  -0.903353 -0.391129 -0.175985  0.919541 0.588450 1 1 1.000000
0  -0.360347 0.076158 0.179764  -0.620568 -0.365530 -0.693746  0.902593 0.702794 1 1 1.000000
0  -0.343251 0.060965 0.186420  0.066024 -0.893763 -0.443654  0.884747 0.702436 1 1 1.000000
baby_seat
0  -0.372602 0.094123 0.304666  0.687712 0.522625 0.503899  0.825968 0.581027 1 1 1.000000
0  -0.358145 0.077188 0.323102  0.874527 0.367008 0.317029  0.829474 0.609052 1 1 1.000000
0  -0.349190 0.079629 0.299565  0.959275 0.097341 0.265172  0.802628 0.596940 1 1 1.000000
baby_seat
0  -0.379061 0.090239 0.299677  -0.711122 -0.455451 -0.535602  0.808074 0.690898 1 1 1.000000
0  -0.371500 0.090341 0.280317  -0.903353 -0.391129 -0.175985  0.783830 0.691148 1 1 1.000000
0  -0.356004 0.072146 0.298333  0.071946 -0.996988 0.028976  0.797190 0.667353 1 1 1.000000
baby_seat
0  -0.392618 -0.094789 0.319971  0.369269 -0.567778 0.735710  0.458969 0.872992 1 1 1.000000
0  -0.372557 -0.095517 0.303690  0.687979 -0.527451 0.498479  0.429048 0.869899 1 1 1.000000
0  -0.375355 -0.089487 0.316981  0.346951 -0.811738 0.469794  0.442031 0.861072 1 1 1.000000
baby_seat
0  -0.395289 0.090169 0.312663  -0.260621 -0.338078 -0.904312  0.829182 0.702797 1 1 1.000000
0  -0.379061 0.090239 0.299677  -0.711122 -0.455451 -0.535602  0.808074 0.690898 1 1 1.000000
0  -0.363562 0.072004 0.317698  0.226010 -0.773285 -0.592410  0.821439 0.667100 1 1 1.000000
baby_seat
0  -0.357320 0.014763 0.336016  0.999441 0.016630 0.029000  0.036734 0.710392 1 1 1.000000
0  -0.358145 0.077188 0.323102  0.874527 0.367008 0.317029  0.050720 0.783217 1 1 1.000000
0  -0.362814 0.072109 0.335144  0.669368 0.458639 0.584463  0.035623 0.777363 1 1 1.000000
baby_seat
0  -0.415837 0.090148 0.315795  0.031021 -0.152139 -0.987872  0.581727 0.044908 1 1 1.000000
0  -0.395289 0.090169 0.312663  -0.260621 -0.338078 -0.904312  0.581720 0.021561 1 1 1.000000
0  -0.379788 0.067997 0.330668  -0.298534 -0.366376 -0.881275  0.607508 0.001030 1 1 1.000000
baby_seat
0  -0.557503 -0.000868 0.328976  0.883448 -0.002211 0.468524  0.723308 0.356606 1 1 1.000000
0  -0.539810 -0.000858 0.327791  -0.139451 -0.005215 0.990215  0.743568 0.356610 1 1 1.000000
0  -0.478736 0.032154 0.333990  -0.497052 0.026499 0.867316  0.815128 0.395151 1 1 1.000000
baby_seat
0  -0.558703 -0.000817 0.319005  -0.149670 0.005053 -0.988723  0.687833 0.209849 1 1 1.000000
0  -0.493544 0.061028 0.311902  0.003899 -0.071225 -0.997453  0.615714 0.135436 1 1 1.000000
0  -0.477383 0.030914 0.323961  0.136877 -0.136644 -0.981118  0.650796 0.114987 1 1 1.000000
baby_seat
0  -0.351544 0.079746 0.180318  0.609000 0.157734 -0.777328  0.000470 0.933566 1 1 1.000000
0  -0.357926 0.143261 0.180666  0.745650 -0.108782 -0.657399  0.010017 0.859950 1 1 1.000000
0  -0.368557 0.142462 0.281544  0.499279 -0.847655 0.179446  0.123365 0.871024 1 1 1.000000
baby_seat
0  -0.360347 0.076158 0.179764  -0.620568 -0.365530 -0.693746  0.902593 0.702794 1 1 1.000000
0  -0.371500 0.090341 0.280317  -0.903353 -0.391129 -0.175985  0.919541 0.588450 1 1 1.000000
0  -0.371512 0.147136 0.280610  -0.542686 0.830608 -0.124829  0.985807 0.588452 1 1 1.000000
baby_seat
0  -0.454466 0.129659 0.404938  -0.044334 -0.781246 0.622648  0.485825 0.360837 1 1 1.000000
0  -0.482156 0.125990 0.408322  0.238550 -0.755309 0.610412  0.503545 0.333338 1 1 1.000000
0  -0.532135 0.116614 0.356962  0.129752 -0.961128 0.243718  0.587116 0.326475 1 1 1.000000
baby_seat
0  -0.454117 0.134809 0.400021  0.053713 0.744340 -0.665637  0.129849 0.369932 1 1 1.000000
0  -0.480381 0.127679 0.345906  -0.113466 0.972677 -0.202547  0.062051 0.386152 1 1 1.000000
0  -0.533405 0.126407 0.354890  -0.126999 0.961730 -0.242788  0.031080 0.331625 1 1 1.000000
baby_seat
0  -0.479306 -0.119781 0.346598  0.115858 0.970129 0.213136  0.596702 0.530426 1 1 1.000000
0  -0.454404 -0.132122 0.403590  -0.044690 0.774769 0.630663  0.667049 0.510317 1 1 1.000000
0  -0.379605 -0.120497 0.429897  -0.032095 0.777724 0.627786  0.745632 0.558037 1 1 1.000000
baby_seat
0  -0.480320 -0.129546 0.344582  -0.113010 -0.970599 -0.212525  0.393229 0.383848 1 1 1.000000
0  -0.406702 -0.142805 0.342049  -0.111398 -0.993389 0.027741  0.341616 0.451559 1 1 1.000000
0  -0.379086 -0.125560 0.425626  0.079987 -0.718127 -0.691300  0.245264 0.415805 1 1 1.000000
baby_seat
0  -0.589358 0.091373 0.353515  -0.845933 0.270782 -0.459429  0.102831 0.832890 1 1 1.000000
0  -0.596182 0.023949 0.352409  -0.892479 0.053907 -0.447857  0.104802 0.754277 1 1 1.000000
0  -0.609195 0.090913 0.444627  -0.950105 0.234064 -0.206189  0.210500 0.832794 1 1 1.000000
baby_seat
0  -0.596182 0.023949 0.352409  -0.892479 0.053907 -0.447857  0.104802 0.754277 1 1 1.000000
0  -0.636005 0.022998 0.535300  -0.954974 0.053097 -0.291900  0.320931 0.754050 1 1 1.000000
0  -0.609195 0.090913 0.444627  -0.950105 0.234064 -0.206189  0.210500 0.832794 1 1 1.000000
baby_seat
0  -0.599611 0.088080 0.446707  0.880483 0.327718 0.342566  0.019017 0.140184 1 1 1.000000
0  -0.626221 0.022453 0.538287  0.632948 0.224282 0.740996  0.013461 0.253685 1 1 1.000000
0  -0.615961 0.022188 0.542952  0.239199 0.384538 0.891580  0.000401 0.255245 1 1 1.000000
baby_seat
0  -0.636005 0.022998 0.535300  -0.954974 0.053097 -0.291900  0.320931 0.754050 1 1 1.000000
0  -0.596182 0.023949 0.352409  -0.892479 0.053907 -0.447857  0.104802 0.754277 1 1 1.000000
0  -0.596176 -0.000997 0.352281  -0.895983 0.002076 -0.444084  0.104802 0.725171 1 1 1.000000
baby_seat
0  -0.416185 0.091907 0.325620  -0.030860 0.469004 0.882657  0.886048 0.464820 1 1 1.000000
0  -0.413571 0.112334 0.325151  0.200060 -0.120448 0.972352  0.888983 0.488651 1 1 1.000000
0  -0.492740 0.089243 0.324401  0.095044 -0.196745 0.975837  0.797376 0.461714 1 1 1.000000
baby_seat
0  -0.415837 0.090148 0.315795  0.031021 -0.152139 -0.987872  0.581727 0.044908 1 1 1.000000
0  -0.493544 0.061028 0.311902  0.003899 -0.071225 -0.997453  0.615714 0.135436 1 1 1.000000
0  -0.493838 0.091641 0.314644  -0.104185 0.220402 -0.969829  0.579983 0.135400 1 1 1.000000
baby_seat
0  -0.629144 0.090778 0.536412  -0.923869 0.201912 -0.325110  0.318949 0.833079 1 1 1.000000
0  -0.636005 0.022998 0.535300  -0.954974 0.053097 -0.291900  0.320931 0.754050 1 1 1.000000
0  -0.662952 0.026323 0.603228  -0.926955 0.106268 -0.359808  0.406160 0.758357 1 1 1.000000
baby_seat
0  -0.636005 0.022998 0.535300  -0.954974 0.053097 -0.291900  0.320931 0.754050 1 1 1.000000
0  -0.663284 0.022630 0.602355  -0.927938 0.060430 -0.367803  0.405363 0.754048 1 1 1.000000
0  -0.662952 0.026323 0.603228  -0.926955 0.106268 -0.359808  0.406160 0.758357 1 1 1.000000
baby_seat
0  -0.654539 0.107526 0.604394  -0.630351 0.775895 0.025404  0.403525 0.853034 1 1 1.000000
0  -0.635318 0.119352 0.559121  -0.572741 0.816991 -0.067027  0.346123 0.866537 1 1 1.000000
0  -0.629144 0.090778 0.536412  -0.923869 0.201912 -0.325110  0.318949 0.833079 1 1 1.000000
baby_seat
0  -0.673745 0.069317 0.649515  -0.830490 0.304212 0.466628  0.460904 0.808748 1 1 1.000000
0  -0.668601 0.089213 0.637475  -0.735066 0.631236 0.247426  0.445529 0.831883 1 1 1.000000
0  -0.664024 0.030086 0.607592  -0.926960 0.106268 -0.359795  0.411345 0.762769 1 1 1.000000
baby_seat
0  -0.668601 0.089213 0.637475  -0.735066 0.631236 0.247426  0.445529 0.831883 1 1 1.000000
0  -0.654539 0.107526 0.604394  -0.630351 0.775895 0.025404  0.403525 0.853034 1 1 1.000000
0  -0.664024 0.030086 0.607592  -0.926960 0.106268 -0.359795  0.411345 0.762769 1 1 1.000000
baby_seat
0  -0.673745 0.069317 0.649515  -0.830490 0.304212 0.466628  0.460904 0.808748 1 1 1.000000
0  -0.664024 0.030086 0.607592  -0.926960 0.106268 -0.359795  0.411345 0.762769 1 1 1.000000
0  -0.671292 0.029992 0.625458  -0.926952 0.106278 -0.359812  0.433841 0.762773 1 1 1.000000
baby_seat
0  -0.674533 0.022478 0.630003  -0.927939 0.061136 -0.367685  0.440177 0.754047 1 1 1.000000
0  -0.681999 0.022378 0.648356  -0.924128 0.051473 0.378599  0.463287 0.754047 1 1 1.000000
0  -0.673628 0.026186 0.629471  -0.926952 0.106286 -0.359811  0.439204 0.758363 1 1 1.000000
baby_seat
0  -0.681999 0.022378 0.648356  -0.924128 0.051473 0.378599  0.463287 0.754047 1 1 1.000000
0  -0.673745 0.069317 0.649515  -0.830490 0.304212 0.466628  0.460904 0.808748 1 1 1.000000
0  -0.673628 0.026186 0.629471  -0.926952 0.106286 -0.359811  0.439204 0.758363 1 1 1.000000
baby_seat
0  -0.654539 0.107526 0.604394  -0.630351 0.775895 0.025404  0.403525 0.853034 1 1 1.000000
0  -0.629144 0.090778 0.536412  -0.923869 0.201912 -0.325110  0.318949 0.833079 1 1 1.000000
0  -0.662952 0.026323 0.603228  -0.926955 0.106268 -0.359808  0.406160 0.758357 1 1 1.000000
baby_seat
0  -0.662952 0.026323 0.603228  -0.926955 0.106268 -0.359808  0.406160 0.758357 1 1 1.000000
0  -0.664024 0.030086 0.607592  -0.926960 0.106268 -0.359795  0.411345 0.762769 1 1 1.000000
0  -0.654539 0.107526 0.604394  -0.630351 0.775895 0.025404  0.403525 0.853034 1 1 1.000000
baby_seat
0  -0.563540 0.091597 0.327054  -0.461314 0.280537 -0.841718  0.063348 0.832860 1 1 1.000000
0  -0.571229 0.024093 0.323139  -0.505687 0.063653 -0.860365  0.062604 0.754152 1 1 1.000000
0  -0.596182 0.023949 0.352409  -0.892479 0.053907 -0.447857  0.104802 0.754277 1 1 1.000000
baby_seat
0  -0.379661 0.117799 0.431124  -0.031689 -0.784168 0.619738  0.406800 0.407662 1 1 1.000000
0  -0.404810 0.131397 0.343688  0.163545 -0.985592 -0.043142  0.503634 0.451107 1 1 1.000000
0  -0.392175 0.141578 0.316610  0.427396 -0.797499 0.425826  0.518237 0.483142 1 1 1.000000
baby_seat
0  -0.379145 0.122906 0.426905  0.079654 0.725236 -0.683877  0.210099 0.417699 1 1 1.000000
0  -0.355292 0.122929 0.423473  -0.249809 0.724321 -0.642616  0.224611 0.441775 1 1 1.000000
0  -0.395303 0.146965 0.312957  -0.387984 0.813596 -0.433048  0.094076 0.487442 1 1 1.000000
baby_seat
0  -0.523506 0.119718 0.465905  0.553421 -0.822494 -0.131260  0.482933 0.253016 1 1 1.000000
0  -0.550280 0.125744 0.459154  -0.169975 -0.985407 -0.009014  0.508824 0.234387 1 1 1.000000
0  -0.549734 0.125388 0.445741  -0.142987 -0.989489 -0.021580  0.520451 0.244873 1 1 1.000000
baby_seat
0  -0.523746 0.128844 0.464970  0.705617 0.654474 -0.271603  0.137351 0.259033 1 1 1.000000
0  -0.524334 0.128645 0.443060  0.816909 0.559030 0.141933  0.117168 0.274687 1 1 1.000000
0  -0.547469 0.135356 0.445953  0.199461 0.979856 0.009888  0.102327 0.251700 1 1 1.000000
baby_seat
0  -0.569792 0.126580 0.417284  0.234287 -0.949980 0.206515  0.560905 0.248222 1 1 1.000000
0  -0.593048 0.114005 0.448366  0.791284 -0.585318 0.176838  0.550696 0.203569 1 1 1.000000
0  -0.573423 0.108164 0.364994  0.651792 -0.667510 0.359997  0.610932 0.283094 1 1 1.000000
baby_seat
0  -0.571931 0.135942 0.415777  -0.226946 0.951381 -0.208253  0.057022 0.251908 1 1 1.000000
0  -0.559893 0.125762 0.380130  -0.235352 0.950915 -0.200924  0.034324 0.289054 1 1 1.000000
0  -0.579371 0.114848 0.361531  -0.646115 0.668089 -0.369043  0.003775 0.285140 1 1 1.000000
baby_seat
0  -0.523506 0.119718 0.465905  0.553421 -0.822494 -0.131260  0.482933 0.253016 1 1 1.000000
0  -0.549988 0.125018 0.533296  0.316828 -0.567891 0.759684  0.442155 0.179256 1 1 1.000000
0  -0.570195 0.130825 0.485244  -0.014285 -0.999336 -0.033528  0.500178 0.197333 1 1 1.000000
baby_seat
0  -0.523746 0.128844 0.464970  0.705617 0.654474 -0.271603  0.137351 0.259033 1 1 1.000000
0  -0.548100 0.135759 0.459077  0.201178 0.979510 -0.009343  0.113675 0.241436 1 1 1.000000
0  -0.570062 0.140896 0.485552  0.013949 0.998842 0.046049  0.121054 0.202075 1 1 1.000000
baby_seat
0  -0.517859 0.138536 0.511107  0.794897 -0.086677 0.600521  0.437746 0.225260 1 1 1.000000
0  -0.549988 0.125018 0.533296  0.316828 -0.567891 0.759684  0.442155 0.179256 1 1 1.000000
0  -0.523506 0.119718 0.465905  0.553421 -0.822494 -0.131260  0.482933 0.253016 1 1 1.000000
baby_seat
0  -0.523506 0.119718 0.465905  0.553421 -0.822494 -0.131260  0.482933 0.253016 1 1 1.000000
0  -0.511663 0.136976 0.489584  0.991964 -0.122173 -0.032886  0.452454 0.246798 1 1 1.000000
0  -0.517859 0.138536 0.511107  0.794897 -0.086677 0.600521  0.437746 0.225260 1 1 1.000000
baby_seat
0  -0.523746 0.128844 0.464970  0.705617 0.654474 -0.271603  0.137351 0.259033 1 1 1.000000
0  -0.551656 0.134181 0.533072  0.128917 0.716039 0.686053  0.177870 0.183547 1 1 1.000000
0  -0.524160 0.146109 0.508126  0.023295 0.963567 0.266452  0.175010 0.226879 1 1 1.000000
baby_seat
0  -0.524160 0.146109 0.508126  0.023295 0.963567 0.266452  0.175010 0.226879 1 1 1.000000
0  -0.518359 0.145248 0.498195  0.202098 0.977815 -0.055079  0.170384 0.239449 1 1 1.000000
0  -0.517964 0.144549 0.486604  0.220552 0.876900 -0.427086  0.160261 0.248366 1 1 1.000000
baby_seat
0  -0.605827 0.020219 0.530644  0.861297 0.182845 0.474063  0.749455 0.863589 1 1 1.000000
0  -0.605832 -0.001918 0.530679  0.898723 -0.002085 0.438513  0.749288 0.837762 1 1 1.000000
0  -0.571091 -0.001077 0.368895  0.898107 -0.002050 0.439772  0.939602 0.838117 1 1 1.000000
baby_seat
0  -0.571223 -0.000841 0.323010  -0.554060 0.004153 -0.832466  0.062604 0.725060 1 1 1.000000
0  -0.596176 -0.000997 0.352281  -0.895983 0.002076 -0.444084  0.104802 0.725171 1 1 1.000000
0  -0.596182 0.023949 0.352409  -0.892479 0.053907 -0.447857  0.104802 0.754277 1 1 1.000000
baby_seat
0  -0.652789 -0.002305 0.603670  0.926512 -0.001716 0.376260  0.643604 0.838785 1 1 1.000000
0  -0.626203 -0.001961 0.538206  0.376934 -0.004679 0.926228  0.726044 0.838781 1 1 1.000000
0  -0.652816 0.017184 0.603765  0.926508 -0.000570 0.376274  0.643600 0.861524 1 1 1.000000
baby_seat
0  -0.626203 -0.001961 0.538206  0.376934 -0.004679 0.926228  0.726044 0.838781 1 1 1.000000
0  -0.626221 0.022453 0.538287  0.632948 0.224282 0.740996  0.726087 0.867265 1 1 1.000000
0  -0.652816 0.017184 0.603765  0.926508 -0.000570 0.376274  0.643600 0.861524 1 1 1.000000
baby_seat
0  -0.636005 0.022998 0.535300  -0.954974 0.053097 -0.291900  0.320931 0.754050 1 1 1.000000
0  -0.635999 -0.001948 0.535172  -0.955223 0.001296 -0.295883  0.320931 0.724944 1 1 1.000000
0  -0.662863 0.017195 0.601294  -0.926280 0.001712 -0.376832  0.404063 0.747699 1 1 1.000000
baby_seat
0  -0.635999 -0.001948 0.535172  -0.955223 0.001296 -0.295883  0.320931 0.724944 1 1 1.000000
0  -0.662858 -0.002294 0.601194  -0.926280 0.001719 -0.376832  0.404063 0.724961 1 1 1.000000
0  -0.662863 0.017195 0.601294  -0.926280 0.001712 -0.376832  0.404063 0.747699 1 1 1.000000
baby_seat
0  -0.478528 -0.000876 0.334024  -0.438694 -0.004786 0.898624  0.815391 0.356613 1 1 1.000000
0  -0.478720 -0.033904 0.333650  -0.497044 -0.035665 0.866992  0.815128 0.318075 1 1 1.000000
0  -0.467757 -0.031835 0.345014  -0.441973 -0.142521 0.885634  0.829615 0.320543 1 1 1.000000
baby_seat
0  -0.400318 -0.000854 0.333447  -0.013390 0.005143 -0.999897  0.687826 0.024376 1 1 1.000000
0  -0.477376 -0.000823 0.323797  0.111943 0.005141 -0.993701  0.687826 0.114987 1 1 1.000000
0  -0.477383 0.030914 0.323961  0.136877 -0.136644 -0.981118  0.650796 0.114987 1 1 1.000000
baby_seat
0  -0.493904 0.061959 0.321912  -0.113179 0.112973 0.987131  0.795647 0.429868 1 1 1.000000
0  -0.478736 0.032154 0.333990  -0.497052 0.026499 0.867316  0.815128 0.395151 1 1 1.000000
0  -0.467772 0.029974 0.345332  -0.442031 0.133205 0.887054  0.829615 0.392661 1 1 1.000000
baby_seat
0  -0.379772 -0.000833 0.330314  -0.401580 0.004619 -0.915812  0.687818 0.001031 1 1 1.000000
0  -0.400318 -0.000854 0.333447  -0.013390 0.005143 -0.999897  0.687826 0.024376 1 1 1.000000
0  -0.400329 0.045842 0.333688  0.025836 -0.144478 -0.989171  0.633342 0.024376 1 1 1.000000
baby_seat
0  -0.493874 -0.063589 0.321266  -0.113152 -0.123220 0.985907  0.541958 0.954545 1 1 1.000000
0  -0.416142 -0.093538 0.324666  -0.030613 -0.478094 0.877775  0.482159 0.888482 1 1 1.000000
0  -0.413290 -0.087634 0.336607  -0.143428 -0.659338 0.738039  0.489382 0.876113 1 1 1.000000
baby_seat
0  -0.363546 -0.000762 0.317323  0.236501 0.005053 -0.971618  0.257757 0.870771 1 1 1.000000
0  -0.379772 -0.000833 0.330314  -0.401580 0.004619 -0.915812  0.257667 0.891608 1 1 1.000000
0  -0.379788 0.067997 0.330668  -0.298534 -0.366376 -0.881275  0.177359 0.891608 1 1 1.000000
baby_seat
0  -0.480935 0.153482 0.412994  -0.034845 0.588487 0.807755  0.298658 0.542160 1 1 1.000000
0  -0.482156 0.125990 0.408322  0.238550 -0.755309 0.610412  0.299922 0.574307 1 1 1.000000
0  -0.454466 0.129659 0.404938  -0.044334 -0.781246 0.622648  0.268592 0.569186 1 1 1.000000
baby_seat
0  -0.484069 0.153531 0.403420  -0.415359 0.737525 -0.532479  0.041422 0.402506 1 1 1.000000
0  -0.454122 0.157197 0.400134  0.091161 0.697554 -0.710710  0.047203 0.436490 1 1 1.000000
0  -0.454117 0.134809 0.400021  0.053713 0.744340 -0.665637  0.021107 0.437655 1 1 1.000000
baby_seat
0  -0.380158 0.145242 0.436955  -0.047778 0.551362 0.832897  0.178131 0.548375 1 1 1.000000
0  -0.379661 0.117799 0.431124  -0.031689 -0.784168 0.619738  0.177598 0.580419 1 1 1.000000
0  -0.353853 0.117869 0.427190  0.264477 -0.786294 0.558385  0.148413 0.579561 1 1 1.000000
baby_seat
0  -0.379150 0.145293 0.427019  0.129983 0.750960 -0.647429  0.037486 0.527674 1 1 1.000000
0  -0.355298 0.145317 0.423587  -0.235432 0.764891 -0.599594  0.038704 0.554778 1 1 1.000000
0  -0.355292 0.122929 0.423473  -0.249809 0.724321 -0.642616  0.012609 0.555944 1 1 1.000000
baby_seat
0  -0.455298 0.157146 0.410093  -0.066064 0.725425 0.685124  0.269622 0.537107 1 1 1.000000
0  -0.454466 0.129659 0.404938  -0.044334 -0.781246 0.622648  0.268592 0.569186 1 1 1.000000
0  -0.379661 0.117799 0.431124  -0.031689 -0.784168 0.619738  0.177598 0.580419 1 1 1.000000
baby_seat
0  -0.454122 0.157197 0.400134  0.091161 0.697554 -0.710710  0.047203 0.436490 1 1 1.000000
0  -0.379150 0.145293 0.427019  0.129983 0.750960 -0.647429  0.037486 0.527674 1 1 1.000000
0  -0.379145 0.122906 0.426905  0.079654 0.725236 -0.683877  0.011391 0.528839 1 1 1.000000
baby_seat
0  -0.351657 0.145269 0.432926  0.301885 0.572752 0.762116  0.172529 0.328671 1 1 1.000000
0  -0.353853 0.117869 0.427190  0.264477 -0.786294 0.558385  0.140716 0.322779 1 1 1.000000
0  -0.330307 0.118007 0.410690  0.520155 -0.777605 0.353227  0.141263 0.294703 1 1 1.000000
baby_seat
0  -0.355298 0.145317 0.423587  -0.235432 0.764891 -0.599594  0.269013 0.248356 1 1 1.000000
0  -0.333201 0.145400 0.408455  -0.112326 0.794162 -0.597236  0.294594 0.248356 1 1 1.000000
0  -0.333194 0.123013 0.408341  -0.555554 0.714843 -0.424688  0.294726 0.274476 1 1 1.000000
baby_seat
0  -0.375968 -0.143399 0.300745  0.420837 0.830238 0.365513  0.633689 0.657261 1 1 1.000000
0  -0.392107 -0.143102 0.315145  0.427035 0.793272 0.434006  0.634596 0.632044 1 1 1.000000
0  -0.353797 -0.120514 0.425963  0.264097 0.780629 0.566455  0.761290 0.584157 1 1 1.000000
baby_seat
0  -0.379004 -0.148381 0.298450  -0.406695 -0.851565 -0.330811  0.360794 0.508421 1 1 1.000000
0  -0.333136 -0.125453 0.407063  -0.555194 -0.710704 -0.432042  0.228219 0.470998 1 1 1.000000
0  -0.355233 -0.125536 0.422194  -0.249477 -0.717785 -0.650035  0.230803 0.439884 1 1 1.000000
baby_seat
0  -0.493794 -0.093195 0.313693  -0.104088 -0.210448 -0.972048  0.795647 0.135400 1 1 1.000000
0  -0.563496 -0.093312 0.326103  -0.461147 -0.272086 -0.844578  0.795719 0.214344 1 1 1.000000
0  -0.493514 -0.062555 0.311266  0.003863 0.081491 -0.996667  0.759909 0.135436 1 1 1.000000
baby_seat
0  -0.563496 -0.093312 0.326103  -0.461147 -0.272086 -0.844578  0.795719 0.214344 1 1 1.000000
0  -0.571217 -0.025775 0.322882  -0.505658 -0.055036 -0.860977  0.716934 0.223776 1 1 1.000000
0  -0.493514 -0.062555 0.311266  0.003863 0.081491 -0.996667  0.759909 0.135436 1 1 1.000000
baby_seat
0  -0.558033 -0.118502 0.380878  0.250249 0.946125 0.205480  0.568862 0.434176 1 1 1.000000
0  -0.516987 -0.124258 0.423791  0.358497 0.796222 0.487350  0.638213 0.439094 1 1 1.000000
0  -0.482095 -0.128501 0.407012  0.238196 0.749097 0.618156  0.649331 0.482909 1 1 1.000000
baby_seat
0  -0.559833 -0.128019 0.378824  -0.234920 -0.948904 -0.210697  0.420769 0.286865 1 1 1.000000
0  -0.533345 -0.128392 0.353578  -0.126553 -0.959250 -0.252634  0.424111 0.329374 1 1 1.000000
0  -0.484000 -0.133603 0.401944  -0.249951 -0.731156 -0.634772  0.344137 0.338064 1 1 1.000000
baby_seat
0  -0.372557 -0.095517 0.303690  0.687979 -0.527451 0.498479  0.861256 0.051029 1 1 1.000000
0  -0.375968 -0.143399 0.300745  0.420837 0.830238 0.365513  0.916981 0.047360 1 1 1.000000
0  -0.368490 -0.143614 0.280071  0.498877 0.846001 0.188160  0.919690 0.072855 1 1 1.000000
baby_seat
0  -0.379018 -0.091585 0.298741  -0.711338 0.460605 -0.530888  0.359627 0.933687 1 1 1.000000
0  -0.371457 -0.091484 0.279381  -0.903539 0.392493 -0.171952  0.383875 0.933733 1 1 1.000000
0  -0.371442 -0.148279 0.279089  -0.542293 -0.829536 -0.133374  0.383754 1.000000 1 1 1.000000
baby_seat
0  -0.570132 -0.134170 0.483880  -0.014759 0.999621 -0.023239  0.653175 0.346558 1 1 1.000000
0  -0.549928 -0.128847 0.531989  0.316552 0.560196 0.765490  0.711081 0.328950 1 1 1.000000
0  -0.523448 -0.122841 0.464656  0.553063 0.824044 -0.122771  0.670007 0.402888 1 1 1.000000
baby_seat
0  -0.569994 -0.144242 0.484084  0.014422 -0.999256 0.035764  0.333398 0.199333 1 1 1.000000
0  -0.548035 -0.138824 0.457664  0.201649 -0.979265 -0.019432  0.341003 0.238906 1 1 1.000000
0  -0.523684 -0.131958 0.463628  0.705950 -0.651295 -0.278298  0.317516 0.256856 1 1 1.000000
baby_seat
0  -0.368490 -0.143614 0.280071  0.498877 0.846001 0.188160  0.620707 0.679364 1 1 1.000000
0  -0.375968 -0.143399 0.300745  0.420837 0.830238 0.365513  0.633689 0.657261 1 1 1.000000
0  -0.330251 -0.120471 0.409463  0.519786 0.774175 0.361214  0.763986 0.617595 1 1 1.000000
baby_seat
0  -0.371442 -0.148279 0.279089  -0.542293 -0.829536 -0.133374  0.372739 0.529520 1 1 1.000000
0  -0.322649 -0.125311 0.379923  0.703106 -0.681163 -0.204102  0.245046 0.500472 1 1 1.000000
0  -0.333136 -0.125453 0.407063  -0.555194 -0.710704 -0.432042  0.228219 0.470998 1 1 1.000000
baby_seat
0  -0.416142 -0.093538 0.324666  -0.030613 -0.478094 0.877775  0.886047 0.248445 1 1 1.000000
0  -0.413518 -0.113957 0.323986  0.200040 0.110558 0.973530  0.888983 0.224616 1 1 1.000000
0  -0.392107 -0.143102 0.315145  0.427035 0.793272 0.434006  0.912328 0.190567 1 1 1.000000
baby_seat
0  -0.415794 -0.091678 0.314859  0.030950 0.162307 -0.986255  0.793880 0.044908 1 1 1.000000
0  -0.395246 -0.091656 0.311727  -0.260826 0.347253 -0.900769  0.793871 0.021561 1 1 1.000000
0  -0.395233 -0.148452 0.311436  -0.387589 -0.809280 -0.441407  0.860140 0.021561 1 1 1.000000
baby_seat
0  -0.357858 -0.143369 0.179191  0.745574 0.115919 -0.656264  0.538059 0.763986 1 1 1.000000
0  -0.368490 -0.143614 0.280071  0.498877 0.846001 0.188160  0.620707 0.679364 1 1 1.000000
0  -0.322118 -0.119089 0.380843  0.565094 0.807055 -0.171263  0.744270 0.646210 1 1 1.000000
baby_seat
0  -0.527194 -0.125927 0.441280  0.465014 0.883922 0.049428  0.646412 0.416897 1 1 1.000000
0  -0.549673 -0.128316 0.444435  -0.143489 0.989586 -0.011370  0.632662 0.394332 1 1 1.000000
0  -0.550219 -0.128811 0.457844  -0.170447 0.985366 0.001116  0.644318 0.383861 1 1 1.000000
baby_seat
0  -0.524273 -0.131534 0.441721  0.817168 -0.560075 0.136204  0.337759 0.272482 1 1 1.000000
0  -0.523684 -0.131958 0.463628  0.705950 -0.651295 -0.278298  0.317516 0.256856 1 1 1.000000
0  -0.548035 -0.138824 0.457664  0.201649 -0.979265 -0.019432  0.341003 0.238906 1 1 1.000000
baby_seat
0  -0.392618 -0.094789 0.319971  0.369269 -0.567778 0.735710  0.857742 0.024912 1 1 1.000000
0  -0.392107 -0.143102 0.315145  0.427035 0.793272 0.434006  0.914358 0.024912 1 1 1.000000
0  -0.375968 -0.143399 0.300745  0.420837 0.830238 0.365513  0.916981 0.047360 1 1 1.000000
baby_seat
0  -0.395246 -0.091656 0.311727  -0.260826 0.347253 -0.900769  0.338794 0.933558 1 1 1.000000
0  -0.379018 -0.091585 0.298741  -0.711338 0.460605 -0.530888  0.359627 0.933687 1 1 1.000000
0  -0.379004 -0.148381 0.298450  -0.406695 -0.851565 -0.330811  0.359505 0.999954 1 1 1.000000
baby_seat
0  -0.358145 0.077188 0.323102  0.874527 0.367008 0.317029  0.829474 0.609052 1 1 1.000000
0  -0.372602 0.094123 0.304666  0.687712 0.522625 0.503899  0.825968 0.581027 1 1 1.000000
0  -0.375397 0.087955 0.317894  0.346588 0.807028 0.478104  0.839267 0.589942 1 1 1.000000
baby_seat
0  -0.400307 -0.047550 0.333207  0.025762 0.154662 -0.987631  0.742311 0.024376 1 1 1.000000
0  -0.415794 -0.091678 0.314859  0.030950 0.162307 -0.986255  0.793880 0.044908 1 1 1.000000
0  -0.493514 -0.062555 0.311266  0.003863 0.081491 -0.996667  0.759909 0.135436 1 1 1.000000
baby_seat
0  -0.335843 -0.068305 0.185690  0.908847 0.048901 -0.414253  0.300162 0.936194 1 1 1.000000
0  -0.349152 -0.080960 0.298739  0.959318 -0.099609 0.264173  0.404994 0.854270 1 1 1.000000
0  -0.363094 -0.095234 0.281178  0.864798 -0.474411 0.164497  0.402667 0.880657 1 1 1.000000
baby_seat
0  -0.343222 -0.061130 0.185791  0.065570 0.898300 -0.434463  0.083003 0.176220 1 1 1.000000
0  -0.360311 -0.076261 0.178980  -0.620744 0.372366 -0.689942  0.062344 0.178322 1 1 1.000000
0  -0.371457 -0.091484 0.279381  -0.903539 0.392493 -0.171952  0.079735 0.061164 1 1 1.000000
baby_seat
0  -0.349152 -0.080960 0.298739  0.959318 -0.099609 0.264173  0.404994 0.854270 1 1 1.000000
0  -0.358108 -0.078765 0.322299  0.874705 -0.369834 0.313231  0.431705 0.842159 1 1 1.000000
0  -0.372557 -0.095517 0.303690  0.687979 -0.527451 0.498479  0.429048 0.869899 1 1 1.000000
baby_seat
0  -0.355970 -0.073468 0.297584  0.071480 0.996671 0.039200  0.101798 0.045845 1 1 1.000000
0  -0.371457 -0.091484 0.279381  -0.903539 0.392493 -0.171952  0.079735 0.061164 1 1 1.000000
0  -0.379018 -0.091585 0.298741  -0.711338 0.460605 -0.530888  0.076863 0.037090 1 1 1.000000
baby_seat
0  -0.416185 0.091907 0.325620  -0.030860 0.469004 0.882657  0.879219 0.562421 1 1 1.000000
0  -0.493904 0.061959 0.321912  -0.113179 0.112973 0.987131  0.940559 0.496857 1 1 1.000000
0  -0.480975 0.057862 0.334031  -0.493388 0.372316 0.786097  0.939958 0.517724 1 1 1.000000
baby_seat
0  -0.363528 -0.073529 0.316949  0.225627 0.779457 -0.584414  0.098929 0.021767 1 1 1.000000
0  -0.379018 -0.091585 0.298741  -0.711338 0.460605 -0.530888  0.076863 0.037090 1 1 1.000000
0  -0.395246 -0.091656 0.311727  -0.260826 0.347253 -0.900769  0.062344 0.017667 1 1 1.000000
baby_seat
0  -0.357313 -0.016476 0.335855  0.999449 -0.016446 0.028811  0.036734 0.673945 1 1 1.000000
0  -0.357320 0.014763 0.336016  0.999441 0.016630 0.029000  0.036734 0.710392 1 1 1.000000
0  -0.362095 0.013699 0.347227  0.789476 0.064983 0.610332  0.022514 0.709223 1 1 1.000000
baby_seat
0  -0.379755 -0.069663 0.329960  -0.298714 0.375283 -0.877458  0.768128 0.001030 1 1 1.000000
0  -0.395246 -0.091656 0.311727  -0.260826 0.347253 -0.900769  0.793871 0.021561 1 1 1.000000
0  -0.415794 -0.091678 0.314859  0.030950 0.162307 -0.986255  0.793880 0.044908 1 1 1.000000
baby_seat
0  -0.478720 -0.033904 0.333650  -0.497044 -0.035665 0.866992  0.815128 0.318075 1 1 1.000000
0  -0.539810 -0.000858 0.327791  -0.139451 -0.005215 0.990215  0.743568 0.356610 1 1 1.000000
0  -0.557503 -0.000868 0.328976  0.883448 -0.002211 0.468524  0.723308 0.356606 1 1 1.000000
baby_seat
0  -0.477368 -0.032559 0.323634  0.136808 0.146801 -0.979660  0.724856 0.114987 1 1 1.000000
0  -0.493514 -0.062555 0.311266  0.003863 0.081491 -0.996667  0.759909 0.135436 1 1 1.000000
0  -0.558703 -0.000817 0.319005  -0.149670 0.005053 -0.988723  0.687833 0.209849 1 1 1.000000
baby_seat
0  -0.368490 -0.143614 0.280071  0.498877 0.846001 0.188160  0.919690 0.072855 1 1 1.000000
0  -0.357858 -0.143369 0.179191  0.745574 0.115919 -0.656264  0.930070 0.186267 1 1 1.000000
0  -0.351506 -0.079851 0.179497  0.609058 -0.149430 -0.778921  0.856604 0.195804 1 1 1.000000
baby_seat
0  -0.371442 -0.148279 0.279089  -0.542293 -0.829536 -0.133374  0.383754 1.000000 1 1 1.000000
0  -0.371457 -0.091484 0.279381  -0.903539 0.392493 -0.171952  0.383875 0.933733 1 1 1.000000
0  -0.360311 -0.076261 0.178980  -0.620744 0.372366 -0.689942  0.498252 0.916579 1 1 1.000000
baby_seat
0  -0.532079 -0.118620 0.355751  0.129288 0.958635 0.253582  0.565615 0.476196 1 1 1.000000
0  -0.482095 -0.128501 0.407012  0.238196 0.749097 0.618156  0.649331 0.482909 1 1 1.000000
0  -0.454404 -0.132122 0.403590  -0.044690 0.774769 0.630663  0.667049 0.510317 1 1 1.000000
baby_seat
0  -0.533345 -0.128392 0.353578  -0.126553 -0.959250 -0.252634  0.424111 0.329374 1 1 1.000000
0  -0.480320 -0.129546 0.344582  -0.113010 -0.970599 -0.212525  0.393229 0.383848 1 1 1.000000
0  -0.454052 -0.137221 0.398621  0.054060 -0.737422 -0.673265  0.325174 0.367387 1 1 1.000000
baby_seat
0  -0.609151 -0.093860 0.443676  -0.950001 -0.232354 -0.208588  0.210500 0.617209 1 1 1.000000
0  -0.629100 -0.094679 0.535458  -0.923775 -0.199002 -0.327165  0.318949 0.616695 1 1 1.000000
0  -0.635993 -0.026894 0.535044  -0.954938 -0.050525 -0.292475  0.320931 0.695838 1 1 1.000000
baby_seat
0  -0.635993 -0.026894 0.535044  -0.954938 -0.050525 -0.292475  0.320931 0.695838 1 1 1.000000
0  -0.596170 -0.025943 0.352152  -0.892435 -0.049687 -0.448432  0.104802 0.696065 1 1 1.000000
0  -0.609151 -0.093860 0.443676  -0.950001 -0.232354 -0.208588  0.210500 0.617209 1 1 1.000000
baby_seat
0  -0.599568 -0.091044 0.445785  0.880622 -0.330837 0.339192  0.529699 0.700917 1 1 1.000000
0  -0.580998 -0.090691 0.357005  0.809160 -0.361010 0.463607  0.540210 0.806207 1 1 1.000000
0  -0.571234 -0.085835 0.364574  0.455874 -0.852889 0.254479  0.526469 0.801346 1 1 1.000000
baby_seat
0  -0.571160 -0.023224 0.368830  0.894384 0.049057 0.444602  0.939517 0.812278 1 1 1.000000
0  -0.565597 -0.078540 0.369164  0.834254 -0.341164 0.433159  0.941254 0.747674 1 1 1.000000
0  -0.549836 -0.078383 0.352543  0.902995 -0.206112 0.376985  0.966092 0.747646 1 1 1.000000
baby_seat
0  -0.596176 -0.000997 0.352281  -0.895983 0.002076 -0.444084  0.104802 0.725171 1 1 1.000000
0  -0.596170 -0.025943 0.352152  -0.892435 -0.049687 -0.448432  0.104802 0.696065 1 1 1.000000
0  -0.635993 -0.026894 0.535044  -0.954938 -0.050525 -0.292475  0.320931 0.695838 1 1 1.000000
baby_seat
0  -0.492698 -0.090897 0.323474  0.094957 0.186729 0.977812  0.797376 0.251530 1 1 1.000000
0  -0.413518 -0.113957 0.323986  0.200040 0.110558 0.973530  0.888983 0.224616 1 1 1.000000
0  -0.416142 -0.093538 0.324666  -0.030613 -0.478094 0.877775  0.886047 0.248445 1 1 1.000000
baby_seat
0  -0.493794 -0.093195 0.313693  -0.104088 -0.210448 -0.972048  0.795647 0.135400 1 1 1.000000
0  -0.493514 -0.062555 0.311266  0.003863 0.081491 -0.996667  0.759909 0.135436 1 1 1.000000
0  -0.415794 -0.091678 0.314859  0.030950 0.162307 -0.986255  0.793880 0.044908 1 1 1.000000
baby_seat
0  -0.635261 -0.123488 0.557871  -0.572351 -0.816532 -0.075429  0.346123 0.583201 1 1 1.000000
0  -0.654487 -0.112137 0.603264  -0.629981 -0.776416 0.017397  0.403525 0.596740 1 1 1.000000
0  -0.629100 -0.094679 0.535458  -0.923775 -0.199002 -0.327165  0.318949 0.616695 1 1 1.000000
baby_seat
0  -0.654487 -0.112137 0.603264  -0.629981 -0.776416 0.017397  0.403525 0.596740 1 1 1.000000
0  -0.668558 -0.094173 0.636531  -0.734776 -0.634074 0.240945  0.445530 0.617916 1 1 1.000000
0  -0.664009 -0.034739 0.607258  -0.926913 -0.102992 -0.360866  0.411345 0.687134 1 1 1.000000
baby_seat
0  -0.664009 -0.034739 0.607258  -0.926913 -0.102992 -0.360866  0.411345 0.687134 1 1 1.000000
0  -0.668558 -0.094173 0.636531  -0.734776 -0.634074 0.240945  0.445530 0.617916 1 1 1.000000
0  -0.673711 -0.074404 0.648775  -0.830353 -0.309392 0.463456  0.460904 0.641061 1 1 1.000000
baby_seat
0  -0.673711 -0.074404 0.648775  -0.830353 -0.309392 0.463456  0.460904 0.641061 1 1 1.000000
0  -0.681988 -0.027460 0.648100  -0.924105 -0.055761 0.378048  0.463287 0.695899 1 1 1.000000
0  -0.673614 -0.031069 0.629177  -0.926899 -0.103018 -0.360895  0.439204 0.691561 1 1 1.000000
baby_seat
0  -0.671276 -0.034833 0.625124  -0.926901 -0.103022 -0.360889  0.433841 0.687138 1 1 1.000000
0  -0.673711 -0.074404 0.648775  -0.830353 -0.309392 0.463456  0.460904 0.641061 1 1 1.000000
0  -0.673614 -0.031069 0.629177  -0.926899 -0.103018 -0.360895  0.439204 0.691561 1 1 1.000000
baby_seat
0  -0.681988 -0.027460 0.648100  -0.924105 -0.055761 0.378048  0.463287 0.695899 1 1 1.000000
0  -0.674521 -0.027368 0.629747  -0.927912 -0.057772 -0.368296  0.440177 0.695889 1 1 1.000000
0  -0.673614 -0.031069 0.629177  -0.926899 -0.103018 -0.360895  0.439204 0.691561 1 1 1.000000
baby_seat
0  -0.673711 -0.074404 0.648775  -0.830353 -0.309392 0.463456  0.460904 0.641061 1 1 1.000000
0  -0.671276 -0.034833 0.625124  -0.926901 -0.103022 -0.360889  0.433841 0.687138 1 1 1.000000
0  -0.664009 -0.034739 0.607258  -0.926913 -0.102992 -0.360866  0.411345 0.687134 1 1 1.000000
baby_seat
0  -0.635993 -0.026894 0.535044  -0.954938 -0.050525 -0.292475  0.320931 0.695838 1 1 1.000000
0  -0.629100 -0.094679 0.535458  -0.923775 -0.199002 -0.327165  0.318949 0.616695 1 1 1.000000
0  -0.662939 -0.030931 0.602933  -0.926907 -0.102993 -0.360883  0.406160 0.691555 1 1 1.000000
baby_seat
0  -0.662939 -0.030931 0.602933  -0.926907 -0.102993 -0.360883  0.406160 0.691555 1 1 1.000000
0  -0.654487 -0.112137 0.603264  -0.629981 -0.776416 0.017397  0.403525 0.596740 1 1 1.000000
0  -0.664009 -0.034739 0.607258  -0.926913 -0.102992 -0.360866  0.411345 0.687134 1 1 1.000000
baby_seat
0  -0.662939 -0.030931 0.602933  -0.926907 -0.102993 -0.360883  0.406160 0.691555 1 1 1.000000
0  -0.663273 -0.027229 0.602098  -0.927912 -0.057076 -0.368404  0.405363 0.695874 1 1 1.000000
0  -0.635993 -0.026894 0.535044  -0.954938 -0.050525 -0.292475  0.320931 0.695838 1 1 1.000000
baby_seat
0  -0.596170 -0.025943 0.352152  -0.892435 -0.049687 -0.448432  0.104802 0.696065 1 1 1.000000
0  -0.571217 -0.025775 0.322882  -0.505658 -0.055036 -0.860977  0.062604 0.695968 1 1 1.000000
0  -0.563496 -0.093312 0.326103  -0.461147 -0.272086 -0.844578  0.063348 0.617117 1 1 1.000000
baby_seat
0  -0.353797 -0.120514 0.425963  0.264097 0.780629 0.566455  0.761290 0.584157 1 1 1.000000
0  -0.392107 -0.143102 0.315145  0.427035 0.793272 0.434006  0.634596 0.632044 1 1 1.000000
0  -0.404747 -0.133206 0.342326  0.163073 0.986062 -0.033013  0.649046 0.600523 1 1 1.000000
baby_seat
0  -0.355233 -0.125536 0.422194  -0.249477 -0.717785 -0.650035  0.230803 0.439884 1 1 1.000000
0  -0.379086 -0.125560 0.425626  0.079987 -0.718127 -0.691300  0.245264 0.415805 1 1 1.000000
0  -0.406702 -0.142805 0.342049  -0.111398 -0.993389 0.027741  0.341616 0.451559 1 1 1.000000
baby_seat
0  -0.558033 -0.118502 0.380878  0.250249 0.946125 0.205480  0.568862 0.434176 1 1 1.000000
0  -0.569731 -0.129224 0.415967  0.233832 0.947915 0.216285  0.592249 0.397484 1 1 1.000000
0  -0.551375 -0.130088 0.435283  -0.133301 0.988340 0.073581  0.623281 0.399601 1 1 1.000000
baby_seat
0  -0.559833 -0.128019 0.378824  -0.234920 -0.948904 -0.210697  0.420769 0.286865 1 1 1.000000
0  -0.517301 -0.131732 0.421147  0.074561 -0.978181 0.193915  0.351244 0.293927 1 1 1.000000
0  -0.549544 -0.140057 0.434677  0.168032 -0.983548 -0.066322  0.362939 0.254414 1 1 1.000000
baby_seat
0  -0.516987 -0.124258 0.423791  0.358497 0.796222 0.487350  0.638213 0.439094 1 1 1.000000
0  -0.551375 -0.130088 0.435283  -0.133301 0.988340 0.073581  0.623281 0.399601 1 1 1.000000
0  -0.549673 -0.128316 0.444435  -0.143489 0.989586 -0.011370  0.632662 0.394332 1 1 1.000000
baby_seat
0  -0.517301 -0.131732 0.421147  0.074561 -0.978181 0.193915  0.351244 0.293927 1 1 1.000000
0  -0.524273 -0.131534 0.441721  0.817168 -0.560075 0.136204  0.337759 0.272482 1 1 1.000000
0  -0.547404 -0.138285 0.444544  0.199903 -0.979816 -0.000192  0.352396 0.249167 1 1 1.000000
baby_seat
0  -0.511992 -0.141155 0.499741  0.945148 0.076333 0.317598  0.711025 0.386960 1 1 1.000000
0  -0.511597 -0.140337 0.488157  0.991905 0.122982 -0.031627  0.700877 0.395940 1 1 1.000000
0  -0.517792 -0.142122 0.509662  0.794868 0.080875 0.601368  0.715670 0.374358 1 1 1.000000
baby_seat
0  -0.511597 -0.140337 0.488157  0.991905 0.122982 -0.031627  0.700877 0.395940 1 1 1.000000
0  -0.523448 -0.122841 0.464656  0.553063 0.824044 -0.122771  0.670007 0.402888 1 1 1.000000
0  -0.517792 -0.142122 0.509662  0.794868 0.080875 0.601368  0.715670 0.374358 1 1 1.000000
baby_seat
0  -0.523684 -0.131958 0.463628  0.705950 -0.651295 -0.278298  0.317516 0.256856 1 1 1.000000
0  -0.517895 -0.147882 0.485099  0.220930 -0.872358 -0.436098  0.294198 0.245472 1 1 1.000000
0  -0.524090 -0.149666 0.506604  0.023753 -0.966256 0.256488  0.279346 0.223944 1 1 1.000000
baby_seat
0  -0.517895 -0.147882 0.485099  0.220930 -0.872358 -0.436098  0.294198 0.245472 1 1 1.000000
0  -0.518290 -0.148700 0.496682  0.202577 -0.977096 -0.065159  0.284027 0.236541 1 1 1.000000
0  -0.524090 -0.149666 0.506604  0.023753 -0.966256 0.256488  0.279346 0.223944 1 1 1.000000
baby_seat
0  -0.596170 -0.025943 0.352152  -0.892435 -0.049687 -0.448432  0.104802 0.696065 1 1 1.000000
0  -0.596176 -0.000997 0.352281  -0.895983 0.002076 -0.444084  0.104802 0.725171 1 1 1.000000
0  -0.571223 -0.000841 0.323010  -0.554060 0.004153 -0.832466  0.062604 0.725060 1 1 1.000000
baby_seat
0  -0.672460 -0.002559 0.652106  0.389890 -0.004710 0.920849  0.582607 0.838789 1 1 1.000000
0  -0.672452 -0.026932 0.651897  0.358683 0.033624 0.932854  0.582699 0.810351 1 1 1.000000
0  -0.664876 -0.021949 0.633282  0.926510 -0.002893 0.376258  0.606176 0.816050 1 1 1.000000
baby_seat
0  -0.672452 -0.026932 0.651897  0.358683 0.033624 0.932854  0.582699 0.810351 1 1 1.000000
0  -0.664503 -0.026837 0.632326  0.922223 0.094228 0.375001  0.607345 0.810342 1 1 1.000000
0  -0.664876 -0.021949 0.633282  0.926510 -0.002893 0.376258  0.606176 0.816050 1 1 1.000000
baby_seat
0  -0.674521 -0.027368 0.629747  -0.927912 -0.057772 -0.368296  0.440177 0.695889 1 1 1.000000
0  -0.681988 -0.027460 0.648100  -0.924105 -0.055761 0.378048  0.463287 0.695899 1 1 1.000000
0  -0.674942 -0.021939 0.630806  -0.926279 0.001715 -0.376834  0.441476 0.702229 1 1 1.000000
baby_seat
0  -0.681988 -0.027460 0.648100  -0.924105 -0.055761 0.378048  0.463287 0.695899 1 1 1.000000
0  -0.681993 -0.002541 0.648228  -0.920720 -0.002265 0.390217  0.463287 0.724973 1 1 1.000000
0  -0.674942 -0.021939 0.630806  -0.926279 0.001715 -0.376834  0.441476 0.702229 1 1 1.000000
baby_seat
0  -0.477368 -0.032559 0.323634  0.136808 0.146801 -0.979660  0.724856 0.114987 1 1 1.000000
0  -0.477376 -0.000823 0.323797  0.111943 0.005141 -0.993701  0.687826 0.114987 1 1 1.000000
0  -0.400318 -0.000854 0.333447  -0.013390 0.005143 -0.999897  0.687826 0.024376 1 1 1.000000
baby_seat
0  -0.392663 0.093218 0.320938  0.369003 0.560346 0.741519  0.855950 0.577910 1 1 1.000000
0  -0.416185 0.091907 0.325620  -0.030860 0.469004 0.882657  0.879219 0.562421 1 1 1.000000
0  -0.413331 0.085883 0.337500  -0.143738 0.651642 0.744784  0.886747 0.574882 1 1 1.000000
baby_seat
0  -0.400307 -0.047550 0.333207  0.025762 0.154662 -0.987631  0.742311 0.024376 1 1 1.000000
0  -0.400318 -0.000854 0.333447  -0.013390 0.005143 -0.999897  0.687826 0.024376 1 1 1.000000
0  -0.379772 -0.000833 0.330314  -0.401580 0.004619 -0.915812  0.687818 0.001031 1 1 1.000000
baby_seat
0  -0.358108 -0.078765 0.322299  0.874705 -0.369834 0.313231  0.050720 0.601264 1 1 1.000000
0  -0.363528 -0.073529 0.316949  0.225627 0.779457 -0.584414  0.054195 0.607432 1 1 1.000000
0  -0.357313 -0.016476 0.335855  0.999449 -0.016446 0.028811  0.036734 0.673945 1 1 1.000000
baby_seat
0  -0.363528 -0.073529 0.316949  0.225627 0.779457 -0.584414  0.054195 0.607432 1 1 1.000000
0  -0.363546 -0.000762 0.317323  0.236501 0.005053 -0.971618  0.054196 0.692330 1 1 1.000000
0  -0.357313 -0.016476 0.335855  0.999449 -0.016446 0.028811  0.036734 0.673945 1 1 1.000000
baby_seat
0  -0.379755 -0.069663 0.329960  -0.298714 0.375283 -0.877458  0.337975 0.891608 1 1 1.000000
0  -0.379772 -0.000833 0.330314  -0.401580 0.004619 -0.915812  0.257667 0.891608 1 1 1.000000
0  -0.363546 -0.000762 0.317323  0.236501 0.005053 -0.971618  0.257757 0.870771 1 1 1.000000
baby_seat
0  -0.454404 -0.132122 0.403590  -0.044690 0.774769 0.630663  0.397910 0.144466 1 1 1.000000
0  -0.482095 -0.128501 0.407012  0.238196 0.749097 0.618156  0.403020 0.175796 1 1 1.000000
0  -0.480861 -0.156039 0.411401  -0.034535 -0.596777 0.801664  0.370864 0.174538 1 1 1.000000
baby_seat
0  -0.454052 -0.137221 0.398621  0.054060 -0.737422 -0.673265  0.187655 0.358520 1 1 1.000000
0  -0.454047 -0.159609 0.398504  0.091497 -0.690150 -0.717859  0.186484 0.384615 1 1 1.000000
0  -0.483995 -0.155991 0.401827  -0.415035 -0.732169 -0.540070  0.152500 0.378847 1 1 1.000000
baby_seat
0  -0.353797 -0.120514 0.425963  0.264097 0.780629 0.566455  0.408244 0.024286 1 1 1.000000
0  -0.379605 -0.120497 0.429897  -0.032095 0.777724 0.627786  0.409091 0.053471 1 1 1.000000
0  -0.380088 -0.147998 0.435446  -0.047508 -0.559933 0.827174  0.377033 0.054011 1 1 1.000000
baby_seat
0  -0.355233 -0.125536 0.422194  -0.249477 -0.717785 -0.650035  0.305944 0.350080 1 1 1.000000
0  -0.355229 -0.147924 0.422077  -0.235071 -0.758790 -0.607436  0.304772 0.376175 1 1 1.000000
0  -0.379081 -0.147947 0.425509  0.130512 -0.743934 -0.655384  0.277668 0.374968 1 1 1.000000
baby_seat
0  -0.379605 -0.120497 0.429897  -0.032095 0.777724 0.627786  0.409091 0.053471 1 1 1.000000
0  -0.454404 -0.132122 0.403590  -0.044690 0.774769 0.630663  0.397910 0.144466 1 1 1.000000
0  -0.455223 -0.159660 0.408462  -0.065713 -0.732482 0.677608  0.365819 0.145502 1 1 1.000000
baby_seat
0  -0.379086 -0.125560 0.425626  0.079987 -0.718127 -0.691300  0.278839 0.348873 1 1 1.000000
0  -0.379081 -0.147947 0.425509  0.130512 -0.743934 -0.655384  0.277668 0.374968 1 1 1.000000
0  -0.454047 -0.159609 0.398504  0.091497 -0.690150 -0.717859  0.186484 0.384615 1 1 1.000000
baby_seat
0  -0.330251 -0.120471 0.409463  0.519786 0.774175 0.361214  0.132360 0.035371 1 1 1.000000
0  -0.353797 -0.120514 0.425963  0.264097 0.780629 0.566455  0.131556 0.007300 1 1 1.000000
0  -0.351588 -0.147971 0.431417  0.302162 -0.580426 0.756177  0.163504 0.001569 1 1 1.000000
baby_seat
0  -0.333136 -0.125453 0.407063  -0.555194 -0.710704 -0.432042  0.268125 0.335591 1 1 1.000000
0  -0.333132 -0.147840 0.406946  -0.111911 -0.788027 -0.605383  0.268066 0.309471 1 1 1.000000
0  -0.355229 -0.147924 0.422077  -0.235071 -0.758790 -0.607436  0.293646 0.309544 1 1 1.000000
baby_seat
0  -0.409293 0.129258 0.329117  0.508105 -0.723653 0.467072  0.520094 0.457866 1 1 1.000000
0  -0.404810 0.131397 0.343688  0.163545 -0.985592 -0.043142  0.503634 0.451107 1 1 1.000000
0  -0.479362 0.117893 0.347821  0.116321 -0.972217 0.203133  0.555893 0.380607 1 1 1.000000
baby_seat
0  -0.413189 0.135661 0.324071  -0.452817 0.720572 -0.525102  0.091520 0.463010 1 1 1.000000
0  -0.490025 0.115574 0.324999  -0.141939 0.673921 -0.725041  0.036746 0.392816 1 1 1.000000
0  -0.480381 0.127679 0.345906  -0.113466 0.972677 -0.202547  0.062051 0.386152 1 1 1.000000
baby_seat
0  -0.413571 0.112334 0.325151  0.200060 -0.120448 0.972352  0.888983 0.488651 1 1 1.000000
0  -0.409293 0.129258 0.329117  0.508105 -0.723653 0.467072  0.894552 0.508416 1 1 1.000000
0  -0.488564 0.108851 0.331639  0.138221 -0.663898 0.734939  0.803351 0.484627 1 1 1.000000
baby_seat
0  -0.415843 0.114365 0.315920  -0.156114 0.169590 -0.973071  0.553472 0.044909 1 1 1.000000
0  -0.493838 0.091641 0.314644  -0.104185 0.220402 -0.969829  0.579983 0.135400 1 1 1.000000
0  -0.490025 0.115574 0.324999  -0.141939 0.673921 -0.725041  0.552012 0.129518 1 1 1.000000
baby_seat
0  -0.550256 0.108177 0.341716  0.314362 -0.703303 0.637606  0.614510 0.321214 1 1 1.000000
0  -0.532135 0.116614 0.356962  0.129752 -0.961128 0.243718  0.587116 0.326475 1 1 1.000000
0  -0.558088 0.116225 0.382086  0.250704 -0.948066 0.195752  0.583972 0.284463 1 1 1.000000
baby_seat
0  -0.553191 0.115159 0.335983  -0.320053 0.703295 -0.634777  0.000045 0.327658 1 1 1.000000
0  -0.579371 0.114848 0.361531  -0.646115 0.668089 -0.369043  0.003775 0.285140 1 1 1.000000
0  -0.559893 0.125762 0.380130  -0.235352 0.950915 -0.200924  0.034324 0.289054 1 1 1.000000
baby_seat
0  -0.559187 0.088810 0.335190  0.678163 0.052262 0.733051  0.975524 0.943615 1 1 1.000000
0  -0.550256 0.108177 0.341716  0.314362 -0.703303 0.637606  0.972438 0.966111 1 1 1.000000
0  -0.573423 0.108164 0.364994  0.651792 -0.667510 0.359997  0.937179 0.966405 1 1 1.000000
baby_seat
0  -0.563540 0.091597 0.327054  -0.461314 0.280537 -0.841718  0.063348 0.832860 1 1 1.000000
0  -0.589358 0.091373 0.353515  -0.845933 0.270782 -0.459429  0.102831 0.832890 1 1 1.000000
0  -0.579371 0.114848 0.361531  -0.646115 0.668089 -0.369043  0.107364 0.860223 1 1 1.000000
baby_seat
0  -0.593048 0.114005 0.448366  0.791284 -0.585318 0.176838  0.838393 0.973564 1 1 1.000000
0  -0.599611 0.088080 0.446707  0.880483 0.327718 0.342566  0.837198 0.943394 1 1 1.000000
0  -0.581040 0.088650 0.357929  0.808995 0.356604 0.467291  0.941418 0.943721 1 1 1.000000
baby_seat
0  -0.600387 0.120401 0.446699  -0.776080 0.605250 -0.177122  0.208987 0.867133 1 1 1.000000
0  -0.579371 0.114848 0.361531  -0.646115 0.668089 -0.369043  0.107364 0.860223 1 1 1.000000
0  -0.589358 0.091373 0.353515  -0.845933 0.270782 -0.459429  0.102831 0.832890 1 1 1.000000
baby_seat
0  -0.517045 0.121558 0.425056  0.358903 -0.801004 0.479147  0.514688 0.289389 1 1 1.000000
0  -0.551436 0.127253 0.436608  -0.132791 -0.989114 0.063403  0.529865 0.250260 1 1 1.000000
0  -0.569792 0.126580 0.417284  0.234287 -0.949980 0.206515  0.560905 0.248222 1 1 1.000000
baby_seat
0  -0.517363 0.129058 0.422489  0.074084 0.976168 0.203980  0.103740 0.296184 1 1 1.000000
0  -0.559893 0.125762 0.380130  -0.235352 0.950915 -0.200924  0.034324 0.289054 1 1 1.000000
0  -0.571931 0.135942 0.415777  -0.226946 0.951381 -0.208253  0.057022 0.251908 1 1 1.000000
baby_seat
0  -0.550256 0.108177 0.341716  0.314362 -0.703303 0.637606  0.733662 0.483897 1 1 1.000000
0  -0.559187 0.088810 0.335190  0.678163 0.052262 0.733051  0.722307 0.461270 1 1 1.000000
0  -0.492740 0.089243 0.324401  0.095044 -0.196745 0.975837  0.797376 0.461714 1 1 1.000000
baby_seat
0  -0.553191 0.115159 0.335983  -0.320053 0.703295 -0.634777  0.552439 0.201096 1 1 1.000000
0  -0.490025 0.115574 0.324999  -0.141939 0.673921 -0.725041  0.552012 0.129518 1 1 1.000000
0  -0.493838 0.091641 0.314644  -0.104185 0.220402 -0.969829  0.579983 0.135400 1 1 1.000000
baby_seat
0  -0.532135 0.116614 0.356962  0.129752 -0.961128 0.243718  0.587116 0.326475 1 1 1.000000
0  -0.550256 0.108177 0.341716  0.314362 -0.703303 0.637606  0.614510 0.321214 1 1 1.000000
0  -0.488564 0.108851 0.331639  0.138221 -0.663898 0.734939  0.577483 0.384001 1 1 1.000000
baby_seat
0  -0.533405 0.126407 0.354890  -0.126999 0.961730 -0.242788  0.031080 0.331625 1 1 1.000000
0  -0.480381 0.127679 0.345906  -0.113466 0.972677 -0.202547  0.062051 0.386152 1 1 1.000000
0  -0.490025 0.115574 0.324999  -0.141939 0.673921 -0.725041  0.036746 0.392816 1 1 1.000000
baby_seat
0  -0.610334 0.109117 0.539624  0.710456 -0.593822 0.377663  0.732019 0.968187 1 1 1.000000
0  -0.620094 0.088426 0.539936  0.926320 -0.183914 0.328797  0.727332 0.944165 1 1 1.000000
0  -0.599611 0.088080 0.446707  0.880483 0.327718 0.342566  0.837198 0.943394 1 1 1.000000
baby_seat
0  -0.617220 0.114886 0.536282  -0.703533 0.610557 -0.363677  0.313785 0.861109 1 1 1.000000
0  -0.600387 0.120401 0.446699  -0.776080 0.605250 -0.177122  0.208987 0.867133 1 1 1.000000
0  -0.609195 0.090913 0.444627  -0.950105 0.234064 -0.206189  0.210500 0.832794 1 1 1.000000
baby_seat
0  -0.570195 0.130825 0.485244  -0.014285 -0.999336 -0.033528  0.500178 0.197333 1 1 1.000000
0  -0.549988 0.125018 0.533296  0.316828 -0.567891 0.759684  0.442155 0.179256 1 1 1.000000
0  -0.588906 0.119223 0.536287  0.509518 -0.525912 0.681035  0.468658 0.141894 1 1 1.000000
baby_seat
0  -0.570062 0.140896 0.485552  0.013949 0.998842 0.046049  0.121054 0.202075 1 1 1.000000
0  -0.587726 0.138006 0.487371  -0.402269 0.915223 0.023367  0.109815 0.184762 1 1 1.000000
0  -0.593013 0.127830 0.535226  -0.177138 0.857667 0.482732  0.149632 0.144570 1 1 1.000000
baby_seat
0  -0.409232 -0.130919 0.327778  0.507781 0.719051 0.474473  0.894552 0.204844 1 1 1.000000
0  -0.413518 -0.113957 0.323986  0.200040 0.110558 0.973530  0.888983 0.224616 1 1 1.000000
0  -0.492698 -0.090897 0.323474  0.094957 0.186729 0.977812  0.797376 0.251530 1 1 1.000000
baby_seat
0  -0.413125 -0.137271 0.322666  -0.452489 -0.715337 -0.532491  0.847041 0.040682 1 1 1.000000
0  -0.489970 -0.117232 0.323801  -0.141623 -0.666512 -0.731918  0.823646 0.129518 1 1 1.000000
0  -0.493794 -0.093195 0.313693  -0.104088 -0.210448 -0.972048  0.795647 0.135400 1 1 1.000000
baby_seat
0  -0.404747 -0.133206 0.342326  0.163073 0.986062 -0.033013  0.649046 0.600523 1 1 1.000000
0  -0.409232 -0.130919 0.327778  0.507781 0.719051 0.474473  0.632529 0.607333 1 1 1.000000
0  -0.488512 -0.110577 0.330510  0.137914 0.656350 0.741744  0.574910 0.534183 1 1 1.000000
baby_seat
0  -0.406702 -0.142805 0.342049  -0.111398 -0.993389 0.027741  0.341616 0.451559 1 1 1.000000
0  -0.480320 -0.129546 0.344582  -0.113010 -0.970599 -0.212525  0.393229 0.383848 1 1 1.000000
0  -0.489970 -0.117232 0.323801  -0.141623 -0.666512 -0.731918  0.418851 0.391055 1 1 1.000000
baby_seat
0  -0.550205 -0.110035 0.340593  0.314045 0.696862 0.644794  0.972438 0.711519 1 1 1.000000
0  -0.559144 -0.090606 0.334267  0.678220 -0.059490 0.732447  0.975524 0.734286 1 1 1.000000
0  -0.580998 -0.090691 0.357005  0.809160 -0.361010 0.463607  0.941418 0.734481 1 1 1.000000
baby_seat
0  -0.553136 -0.116960 0.334788  -0.319702 -0.696866 -0.642003  0.068730 0.589467 1 1 1.000000
0  -0.579316 -0.116924 0.360338  -0.645811 -0.664548 -0.375904  0.107364 0.589801 1 1 1.000000
0  -0.589314 -0.093372 0.352565  -0.845801 -0.266444 -0.462199  0.102831 0.617338 1 1 1.000000
baby_seat
0  -0.532079 -0.118620 0.355751  0.129288 0.958635 0.253582  0.565615 0.476196 1 1 1.000000
0  -0.550205 -0.110035 0.340593  0.314045 0.696862 0.644794  0.538059 0.471242 1 1 1.000000
0  -0.573371 -0.110273 0.363870  0.651491 0.664067 0.366843  0.541738 0.433101 1 1 1.000000
baby_seat
0  -0.533345 -0.128392 0.353578  -0.126553 -0.959250 -0.252634  0.424111 0.329374 1 1 1.000000
0  -0.559833 -0.128019 0.378824  -0.234920 -0.948904 -0.210697  0.420769 0.286865 1 1 1.000000
0  -0.579316 -0.116924 0.360338  -0.645811 -0.664548 -0.375904  0.451583 0.283437 1 1 1.000000
baby_seat
0  -0.588849 -0.123102 0.535040  0.509268 0.519128 0.686405  0.684563 0.291740 1 1 1.000000
0  -0.549928 -0.128847 0.531989  0.316552 0.560196 0.765490  0.711081 0.328950 1 1 1.000000
0  -0.570132 -0.134170 0.483880  -0.014759 0.999621 -0.023239  0.653175 0.346558 1 1 1.000000
baby_seat
0  -0.592952 -0.131700 0.533890  -0.176733 -0.862678 0.473870  0.304952 0.142531 1 1 1.000000
0  -0.587660 -0.141380 0.485933  -0.401800 -0.915621 0.013933  0.344667 0.182154 1 1 1.000000
0  -0.569994 -0.144242 0.484084  0.014422 -0.999256 0.035764  0.333398 0.199333 1 1 1.000000
baby_seat
0  -0.599568 -0.091044 0.445785  0.880622 -0.330837 0.339192  0.837198 0.734408 1 1 1.000000
0  -0.592993 -0.116981 0.447177  0.791007 0.583836 0.182877  0.838393 0.704068 1 1 1.000000
0  -0.573371 -0.110273 0.363870  0.651491 0.664067 0.366843  0.937178 0.711551 1 1 1.000000
baby_seat
0  -0.609151 -0.093860 0.443676  -0.950001 -0.232354 -0.208588  0.210500 0.617209 1 1 1.000000
0  -0.589314 -0.093372 0.352565  -0.845801 -0.266444 -0.462199  0.102831 0.617338 1 1 1.000000
0  -0.579316 -0.116924 0.360338  -0.645811 -0.664548 -0.375904  0.107364 0.589801 1 1 1.000000
baby_seat
0  -0.550205 -0.110035 0.340593  0.314045 0.696862 0.644794  0.538059 0.471242 1 1 1.000000
0  -0.532079 -0.118620 0.355751  0.129288 0.958635 0.253582  0.565615 0.476196 1 1 1.000000
0  -0.479306 -0.119781 0.346598  0.115858 0.970129 0.213136  0.596702 0.530426 1 1 1.000000
baby_seat
0  -0.553136 -0.116960 0.334788  -0.319702 -0.696866 -0.642003  0.455420 0.325909 1 1 1.000000
0  -0.489970 -0.117232 0.323801  -0.141623 -0.666512 -0.731918  0.418851 0.391055 1 1 1.000000
0  -0.480320 -0.129546 0.344582  -0.113010 -0.970599 -0.212525  0.393229 0.383848 1 1 1.000000
baby_seat
0  -0.559144 -0.090606 0.334267  0.678220 -0.059490 0.732447  0.722307 0.251929 1 1 1.000000
0  -0.550205 -0.110035 0.340593  0.314045 0.696862 0.644794  0.733662 0.229290 1 1 1.000000
0  -0.488512 -0.110577 0.330510  0.137914 0.656350 0.741744  0.803351 0.228602 1 1 1.000000
baby_seat
0  -0.563496 -0.093312 0.326103  -0.461147 -0.272086 -0.844578  0.795719 0.214344 1 1 1.000000
0  -0.493794 -0.093195 0.313693  -0.104088 -0.210448 -0.972048  0.795647 0.135400 1 1 1.000000
0  -0.489970 -0.117232 0.323801  -0.141623 -0.666512 -0.731918  0.823646 0.129518 1 1 1.000000
baby_seat
0  -0.573371 -0.110273 0.363870  0.651491 0.664067 0.366843  0.541738 0.433101 1 1 1.000000
0  -0.592993 -0.116981 0.447177  0.791007 0.583836 0.182877  0.602287 0.353433 1 1 1.000000
0  -0.569731 -0.129224 0.415967  0.233832 0.947915 0.216285  0.592249 0.397484 1 1 1.000000
baby_seat
0  -0.579316 -0.116924 0.360338  -0.645811 -0.664548 -0.375904  0.451583 0.283437 1 1 1.000000
0  -0.559833 -0.128019 0.378824  -0.234920 -0.948904 -0.210697  0.420769 0.286865 1 1 1.000000
0  -0.571866 -0.138572 0.414364  -0.226479 -0.949297 -0.218041  0.397721 0.249285 1 1 1.000000
baby_seat
0  -0.620052 -0.092359 0.539005  0.926241 0.180936 0.330665  0.727332 0.733239 1 1 1.000000
0  -0.610281 -0.113041 0.538481  0.710186 0.590221 0.383764  0.732019 0.708991 1 1 1.000000
0  -0.592993 -0.116981 0.447177  0.791007 0.583836 0.182877  0.838393 0.704068 1 1 1.000000
baby_seat
0  -0.629100 -0.094679 0.535458  -0.923775 -0.199002 -0.327165  0.318949 0.616695 1 1 1.000000
0  -0.609151 -0.093860 0.443676  -0.950001 -0.232354 -0.208588  0.210500 0.617209 1 1 1.000000
0  -0.600329 -0.123363 0.445444  -0.775782 -0.603776 -0.183351  0.208988 0.582719 1 1 1.000000
baby_seat
0  -0.379661 0.117799 0.431124  -0.031689 -0.784168 0.619738  0.406800 0.407662 1 1 1.000000
0  -0.454466 0.129659 0.404938  -0.044334 -0.781246 0.622648  0.485825 0.360837 1 1 1.000000
0  -0.479362 0.117893 0.347821  0.116321 -0.972217 0.203133  0.555893 0.380607 1 1 1.000000
baby_seat
0  -0.379145 0.122906 0.426905  0.079654 0.725236 -0.683877  0.210099 0.417699 1 1 1.000000
0  -0.406769 0.140997 0.343509  -0.111878 0.992996 0.037989  0.113495 0.454478 1 1 1.000000
0  -0.480381 0.127679 0.345906  -0.113466 0.972677 -0.202547  0.062051 0.386152 1 1 1.000000
baby_seat
0  -0.588906 0.119223 0.536287  0.509518 -0.525912 0.681035  0.468658 0.141894 1 1 1.000000
0  -0.610334 0.109117 0.539624  0.710456 -0.593822 0.377663  0.481900 0.119716 1 1 1.000000
0  -0.593048 0.114005 0.448366  0.791284 -0.585318 0.176838  0.550696 0.203569 1 1 1.000000
baby_seat
0  -0.593013 0.127830 0.535226  -0.177138 0.857667 0.482732  0.149632 0.144570 1 1 1.000000
0  -0.587726 0.138006 0.487371  -0.402269 0.915223 0.023367  0.109815 0.184762 1 1 1.000000
0  -0.600387 0.120401 0.446699  -0.776080 0.605250 -0.177122  0.064762 0.203272 1 1 1.000000
baby_seat
0  -0.549673 -0.128316 0.444435  -0.143489 0.989586 -0.011370  0.632662 0.394332 1 1 1.000000
0  -0.551375 -0.130088 0.435283  -0.133301 0.988340 0.073581  0.623281 0.399601 1 1 1.000000
0  -0.569731 -0.129224 0.415967  0.233832 0.947915 0.216285  0.592249 0.397484 1 1 1.000000
baby_seat
0  -0.569731 -0.129224 0.415967  0.233832 0.947915 0.216285  0.592249 0.397484 1 1 1.000000
0  -0.570132 -0.134170 0.483880  -0.014759 0.999621 -0.023239  0.653175 0.346558 1 1 1.000000
0  -0.550219 -0.128811 0.457844  -0.170447 0.985366 0.001116  0.644318 0.383861 1 1 1.000000
baby_seat
0  -0.571866 -0.138572 0.414364  -0.226479 -0.949297 -0.218041  0.397721 0.249285 1 1 1.000000
0  -0.549544 -0.140057 0.434677  0.168032 -0.983548 -0.066322  0.362939 0.254414 1 1 1.000000
0  -0.547404 -0.138285 0.444544  0.199903 -0.979816 -0.000192  0.352396 0.249167 1 1 1.000000
baby_seat
0  -0.547404 -0.138285 0.444544  0.199903 -0.979816 -0.000192  0.352396 0.249167 1 1 1.000000
0  -0.548035 -0.138824 0.457664  0.201649 -0.979265 -0.019432  0.341003 0.238906 1 1 1.000000
0  -0.571866 -0.138572 0.414364  -0.226479 -0.949297 -0.218041  0.397721 0.249285 1 1 1.000000
baby_seat
0  -0.549734 0.125388 0.445741  -0.142987 -0.989489 -0.021580  0.520451 0.244873 1 1 1.000000
0  -0.550280 0.125744 0.459154  -0.169975 -0.985407 -0.009014  0.508824 0.234387 1 1 1.000000
0  -0.569792 0.126580 0.417284  0.234287 -0.949980 0.206515  0.560905 0.248222 1 1 1.000000
baby_seat
0  -0.550280 0.125744 0.459154  -0.169975 -0.985407 -0.009014  0.508824 0.234387 1 1 1.000000
0  -0.570195 0.130825 0.485244  -0.014285 -0.999336 -0.033528  0.500178 0.197333 1 1 1.000000
0  -0.569792 0.126580 0.417284  0.234287 -0.949980 0.206515  0.560905 0.248222 1 1 1.000000
baby_seat
0  -0.570062 0.140896 0.485552  0.013949 0.998842 0.046049  0.121054 0.202075 1 1 1.000000
0  -0.548100 0.135759 0.459077  0.201178 0.979510 -0.009343  0.113675 0.241436 1 1 1.000000
0  -0.571931 0.135942 0.415777  -0.226946 0.951381 -0.208253  0.057022 0.251908 1 1 1.000000
baby_seat
0  -0.548100 0.135759 0.459077  0.201178 0.979510 -0.009343  0.113675 0.241436 1 1 1.000000
0  -0.547469 0.135356 0.445953  0.199461 0.979856 0.009888  0.102327 0.251700 1 1 1.000000
0  -0.571931 0.135942 0.415777  -0.226946 0.951381 -0.208253  0.057022 0.251908 1 1 1.000000
baby_seat
0  -0.626209 -0.026375 0.538036  0.633063 -0.231598 0.738643  0.523890 0.590828 1 1 1.000000
0  -0.599568 -0.091044 0.445785  0.880622 -0.330837 0.339192  0.529699 0.700917 1 1 1.000000
0  -0.589128 -0.086073 0.450154  0.446703 -0.805120 0.390176  0.516325 0.699857 1 1 1.000000
baby_seat
0  -0.559187 0.088810 0.335190  0.678163 0.052262 0.733051  0.013461 0.001929 1 1 1.000000
0  -0.581040 0.088650 0.357929  0.808995 0.356604 0.467291  0.029720 0.034939 1 1 1.000000
0  -0.571274 0.083721 0.365447  0.455446 0.850460 0.263225  0.016002 0.040009 1 1 1.000000
baby_seat
0  -0.550813 -0.000948 0.344870  0.494079 -0.004365 0.869406  0.974419 0.837991 1 1 1.000000
0  -0.554917 0.016349 0.349564  0.919481 0.048046 0.390187  0.967654 0.858228 1 1 1.000000
0  -0.571171 0.021070 0.369058  0.894441 -0.053242 0.444005  0.939517 0.863957 1 1 1.000000
baby_seat
0  -0.664207 0.068210 0.653221  0.383119 0.153506 0.910854  0.585380 0.921256 1 1 1.000000
0  -0.672463 0.021816 0.652148  0.358753 -0.042570 0.932461  0.582699 0.867227 1 1 1.000000
0  -0.663472 0.026175 0.631969  0.913181 -0.171068 0.369914  0.608480 0.872178 1 1 1.000000
baby_seat
0  -0.672463 0.021816 0.652148  0.358753 -0.042570 0.932461  0.582699 0.867227 1 1 1.000000
0  -0.664515 0.021925 0.632577  0.922268 -0.097649 0.374015  0.607345 0.867233 1 1 1.000000
0  -0.663472 0.026175 0.631969  0.913181 -0.171068 0.369914  0.608480 0.872178 1 1 1.000000
baby_seat
0  -0.652814 0.026313 0.605721  0.913179 -0.171079 0.369913  0.641534 0.872176 1 1 1.000000
0  -0.653201 0.022081 0.604719  0.922371 -0.096485 0.374063  0.642427 0.867243 1 1 1.000000
0  -0.626221 0.022453 0.538287  0.632948 0.224282 0.740996  0.726087 0.867265 1 1 1.000000
baby_seat
0  -0.653878 0.030075 0.610087  0.913180 -0.171073 0.369913  0.636365 0.876585 1 1 1.000000
0  -0.652814 0.026313 0.605721  0.913179 -0.171079 0.369913  0.641534 0.872176 1 1 1.000000
0  -0.626221 0.022453 0.538287  0.632948 0.224282 0.740996  0.726087 0.867265 1 1 1.000000
baby_seat
0  -0.664207 0.068210 0.653221  0.383119 0.153506 0.910854  0.585380 0.921256 1 1 1.000000
0  -0.663472 0.026175 0.631969  0.913181 -0.171068 0.369914  0.608480 0.872178 1 1 1.000000
0  -0.661134 0.029982 0.627956  0.913180 -0.171069 0.369915  0.613863 0.876586 1 1 1.000000
baby_seat
0  -0.653878 0.030075 0.610087  0.913180 -0.171073 0.369913  0.636365 0.876585 1 1 1.000000
0  -0.626221 0.022453 0.538287  0.632948 0.224282 0.740996  0.726087 0.867265 1 1 1.000000
0  -0.664207 0.068210 0.653221  0.383119 0.153506 0.910854  0.585380 0.921256 1 1 1.000000
baby_seat
0  -0.626209 -0.026375 0.538036  0.633063 -0.231598 0.738643  0.726087 0.810297 1 1 1.000000
0  -0.653189 -0.026700 0.604468  0.922324 0.093082 0.375038  0.642427 0.810328 1 1 1.000000
0  -0.652801 -0.030942 0.605426  0.913098 0.167703 0.371656  0.641534 0.805376 1 1 1.000000
baby_seat
0  -0.626209 -0.026375 0.538036  0.633063 -0.231598 0.738643  0.726087 0.810297 1 1 1.000000
0  -0.652801 -0.030942 0.605426  0.913098 0.167703 0.371656  0.641534 0.805376 1 1 1.000000
0  -0.653862 -0.034749 0.609753  0.913101 0.167685 0.371657  0.636365 0.800952 1 1 1.000000
baby_seat
0  -0.664503 -0.026837 0.632326  0.922223 0.094228 0.375001  0.607345 0.810342 1 1 1.000000
0  -0.672452 -0.026932 0.651897  0.358683 0.033624 0.932854  0.582699 0.810351 1 1 1.000000
0  -0.663459 -0.031079 0.631674  0.913100 0.167688 0.371657  0.608480 0.805378 1 1 1.000000
baby_seat
0  -0.672452 -0.026932 0.651897  0.358683 0.033624 0.932854  0.582699 0.810351 1 1 1.000000
0  -0.664173 -0.073331 0.652492  0.383195 -0.162651 0.909234  0.585380 0.756119 1 1 1.000000
0  -0.663459 -0.031079 0.631674  0.913100 0.167688 0.371657  0.608480 0.805378 1 1 1.000000
baby_seat
0  -0.664173 -0.073331 0.652492  0.383195 -0.162651 0.909234  0.585380 0.756119 1 1 1.000000
0  -0.626209 -0.026375 0.538036  0.633063 -0.231598 0.738643  0.726087 0.810297 1 1 1.000000
0  -0.653862 -0.034749 0.609753  0.913101 0.167685 0.371657  0.636365 0.800952 1 1 1.000000
baby_seat
0  -0.661118 -0.034843 0.627622  0.913099 0.167688 0.371659  0.613863 0.800953 1 1 1.000000
0  -0.663459 -0.031079 0.631674  0.913100 0.167688 0.371657  0.608480 0.805378 1 1 1.000000
0  -0.664173 -0.073331 0.652492  0.383195 -0.162651 0.909234  0.585380 0.756119 1 1 1.000000
baby_seat
0  -0.358108 -0.078765 0.322299  0.874705 -0.369834 0.313231  0.050720 0.601264 1 1 1.000000
0  -0.357313 -0.016476 0.335855  0.999449 -0.016446 0.028811  0.036734 0.673945 1 1 1.000000
0  -0.362088 -0.015530 0.347077  0.789572 -0.070918 0.609546  0.022514 0.675120 1 1 1.000000
baby_seat
0  -0.478720 -0.033904 0.333650  -0.497044 -0.035665 0.866992  0.815128 0.318075 1 1 1.000000
0  -0.493874 -0.063589 0.321266  -0.113152 -0.123220 0.985907  0.795647 0.283381 1 1 1.000000
0  -0.480947 -0.059611 0.333426  -0.493194 -0.380601 0.782242  0.812532 0.288080 1 1 1.000000
baby_seat
0  -0.416142 -0.093538 0.324666  -0.030613 -0.478094 0.877775  0.482159 0.888482 1 1 1.000000
0  -0.392618 -0.094789 0.319971  0.369269 -0.567778 0.735710  0.458969 0.872992 1 1 1.000000
0  -0.392816 -0.088806 0.332214  0.137791 -0.762767 0.631823  0.468949 0.862886 1 1 1.000000
baby_seat
0  -0.372602 0.094123 0.304666  0.687712 0.522625 0.503899  0.825968 0.581027 1 1 1.000000
0  -0.392663 0.093218 0.320938  0.369003 0.560346 0.741519  0.855950 0.577910 1 1 1.000000
0  -0.392857 0.087109 0.333119  0.137453 0.756288 0.639637  0.866241 0.588107 1 1 1.000000
baby_seat
0  -0.650551 -0.045101 0.621919  0.969539 -0.001033 0.244935  0.047853 0.447111 1 1 1.000000
0  -0.656338 -0.045220 0.644825  0.969539 -0.001033 0.244935  0.075175 0.447151 1 1 1.000000
0  -0.656331 -0.075533 0.644669  0.969539 -0.001033 0.244935  0.075175 0.482517 1 1 1.000000
baby_seat
0  -0.650544 -0.075414 0.621763  0.000238 -0.999987 -0.005147  0.260648 0.061182 1 1 1.000000
0  -0.656331 -0.075533 0.644669  0.000238 -0.999987 -0.005147  0.260648 0.033620 1 1 1.000000
0  -0.663469 -0.075525 0.642865  0.000238 -0.999987 -0.005147  0.269231 0.033627 1 1 1.000000
baby_seat
0  -0.657682 -0.075406 0.619959  -0.969539 0.001033 -0.244936  0.482517 0.290188 1 1 1.000000
0  -0.663469 -0.075525 0.642865  -0.969539 0.001033 -0.244936  0.455121 0.290210 1 1 1.000000
0  -0.663476 -0.045212 0.643021  -0.969539 0.001033 -0.244936  0.455121 0.254842 1 1 1.000000
baby_seat
0  -0.657689 -0.045093 0.620115  -0.000236 0.999987 0.005147  0.174981 0.332160 1 1 1.000000
0  -0.663476 -0.045212 0.643021  -0.000236 0.999987 0.005147  0.174981 0.304604 1 1 1.000000
0  -0.656338 -0.045220 0.644825  -0.000236 0.999987 0.005147  0.183566 0.304612 1 1 1.000000
baby_seat
0  -0.650544 -0.075414 0.621763  0.244925 0.005048 -0.969529  0.192308 0.300699 1 1 1.000000
0  -0.657682 -0.075406 0.619959  0.244925 0.005048 -0.969529  0.183784 0.300698 1 1 1.000000
0  -0.657689 -0.045093 0.620115  0.244925 0.005048 -0.969529  0.183784 0.265329 1 1 1.000000
baby_seat
0  -0.663469 -0.075525 0.642865  -0.244941 -0.005048 0.969525  0.026224 0.248251 1 1 1.000000
0  -0.656331 -0.075533 0.644669  -0.244941 -0.005048 0.969525  0.017685 0.248252 1 1 1.000000
0  -0.656338 -0.045220 0.644825  -0.244941 -0.005048 0.969525  0.017685 0.212883 1 1 1.000000
baby_seat
0  -0.648464 0.071044 0.622516  0.959472 -0.140609 0.244217  0.241259 0.419580 1 1 1.000000
0  -0.654191 0.071757 0.645427  0.959472 -0.140609 0.244217  0.213952 0.419035 1 1 1.000000
0  -0.658547 0.041759 0.645272  0.959472 -0.140609 0.244217  0.213952 0.384037 1 1 1.000000
baby_seat
0  -0.652821 0.041045 0.622362  -0.143726 -0.989604 -0.005098  0.000294 0.094323 1 1 1.000000
0  -0.658547 0.041759 0.645272  -0.143726 -0.989604 -0.005098  0.000294 0.066795 1 1 1.000000
0  -0.665612 0.042794 0.643474  -0.143726 -0.989604 -0.005098  0.008741 0.066877 1 1 1.000000
baby_seat
0  -0.659885 0.042081 0.620564  -0.959471 0.140613 -0.244219  0.444643 0.048905 1 1 1.000000
0  -0.665612 0.042794 0.643474  -0.959471 0.140613 -0.244219  0.472028 0.048456 1 1 1.000000
0  -0.661255 0.072793 0.643629  -0.959471 0.140613 -0.244219  0.472028 0.083467 1 1 1.000000
baby_seat
0  -0.655528 0.072079 0.620718  0.143728 0.989604 0.005098  0.271178 0.122378 1 1 1.000000
0  -0.661255 0.072793 0.643629  0.143728 0.989604 0.005098  0.271178 0.094865 1 1 1.000000
0  -0.654191 0.071757 0.645427  0.143728 0.989604 0.005098  0.279720 0.094808 1 1 1.000000
baby_seat
0  -0.652821 0.041045 0.622362  0.242389 -0.030208 -0.969709  0.045455 0.192290 1 1 1.000000
0  -0.659885 0.042081 0.620564  0.242389 -0.030208 -0.969709  0.036932 0.192308 1 1 1.000000
0  -0.655528 0.072079 0.620718  0.242389 -0.030208 -0.969709  0.036932 0.156944 1 1 1.000000
baby_seat
0  -0.665612 0.042794 0.643474  -0.242387 0.030209 0.969709  0.192308 0.071678 1 1 1.000000
0  -0.658547 0.041759 0.645272  -0.242387 0.030209 0.969709  0.183770 0.071660 1 1 1.000000
0  -0.654191 0.071757 0.645427  -0.242387 0.030209 0.969709  0.183770 0.036298 1 1 1.000000
baby_seat
0  -0.663472 0.026175 0.631969  0.154418 -0.760177 -0.631100  0.302621 0.022899 1 1 1.000000
0  -0.673628 0.026186 0.629471  0.154418 -0.760177 -0.631100  0.314685 0.021145 1 1 1.000000
0  -0.671292 0.029992 0.625458  0.154418 -0.760177 -0.631100  0.313757 0.026632 1 1 1.000000
baby_seat
0  -0.652789 -0.002305 0.603670  -0.238826 -0.005054 0.971049  0.316317 0.055757 1 1 1.000000
0  -0.652816 0.017184 0.603765  -0.238826 -0.005054 0.971049  0.316344 0.033017 1 1 1.000000
0  -0.662858 -0.002294 0.601194  -0.238826 -0.005054 0.971049  0.328351 0.055756 1 1 1.000000
baby_seat
0  -0.652816 0.017184 0.603765  -0.238805 -0.005052 0.971055  0.316344 0.033017 1 1 1.000000
0  -0.662863 0.017195 0.601294  -0.238805 -0.005052 0.971055  0.328351 0.033016 1 1 1.000000
0  -0.662858 -0.002294 0.601194  -0.238805 -0.005052 0.971055  0.328351 0.055756 1 1 1.000000
baby_seat
0  -0.662858 -0.002294 0.601194  -0.238804 -0.005060 0.971055  0.328351 0.055756 1 1 1.000000
0  -0.662854 -0.021783 0.601093  -0.238804 -0.005060 0.971055  0.328351 0.078495 1 1 1.000000
0  -0.652807 -0.021794 0.603564  -0.238804 -0.005060 0.971055  0.316344 0.078496 1 1 1.000000
baby_seat
0  -0.663284 0.022630 0.602355  -0.233998 -0.203703 0.950658  0.328671 0.026669 1 1 1.000000
0  -0.662863 0.017195 0.601294  -0.233998 -0.203703 0.950658  0.328351 0.033016 1 1 1.000000
0  -0.653201 0.022081 0.604719  -0.233998 -0.203703 0.950658  0.316639 0.027299 1 1 1.000000
baby_seat
0  -0.662863 0.017195 0.601294  -0.233994 -0.203707 0.950658  0.328351 0.033016 1 1 1.000000
0  -0.652816 0.017184 0.603765  -0.233994 -0.203707 0.950658  0.316344 0.033017 1 1 1.000000
0  -0.653201 0.022081 0.604719  -0.233994 -0.203707 0.950658  0.316639 0.027299 1 1 1.000000
baby_seat
0  -0.653201 0.022081 0.604719  -0.234001 -0.203727 0.950652  0.316639 0.027299 1 1 1.000000
0  -0.652814 0.026313 0.605721  -0.234001 -0.203727 0.950652  0.316034 0.022357 1 1 1.000000
0  -0.662952 0.026323 0.603228  -0.234001 -0.203727 0.950652  0.328150 0.022356 1 1 1.000000
baby_seat
0  -0.664515 0.021925 0.632577  0.234096 -0.193813 -0.952699  0.060070 0.137453 1 1 1.000000
0  -0.664886 0.017028 0.633482  0.234096 -0.193813 -0.952699  0.059773 0.143162 1 1 1.000000
0  -0.674533 0.022478 0.630003  0.234096 -0.193813 -0.952699  0.048102 0.136818 1 1 1.000000
baby_seat
0  -0.664886 0.017028 0.633482  0.234095 -0.193806 -0.952701  0.059773 0.143162 1 1 1.000000
0  -0.674951 0.017039 0.631007  0.234095 -0.193806 -0.952701  0.047763 0.143160 1 1 1.000000
0  -0.674533 0.022478 0.630003  0.234095 -0.193806 -0.952701  0.048102 0.136818 1 1 1.000000
baby_seat
0  -0.674533 0.022478 0.630003  0.234089 -0.193813 -0.952701  0.048102 0.136818 1 1 1.000000
0  -0.673628 0.026186 0.629471  0.234089 -0.193813 -0.952701  0.049072 0.132495 1 1 1.000000
0  -0.664515 0.021925 0.632577  0.234089 -0.193813 -0.952701  0.060070 0.137453 1 1 1.000000
baby_seat
0  -0.662952 0.026323 0.603228  -0.154055 -0.766707 0.623239  0.314685 0.054193 1 1 1.000000
0  -0.652814 0.026313 0.605721  -0.154055 -0.766707 0.623239  0.302642 0.055944 1 1 1.000000
0  -0.653878 0.030075 0.610087  -0.154055 -0.766707 0.623239  0.301704 0.050883 1 1 1.000000
baby_seat
0  -0.673614 -0.031069 0.629177  0.154061 0.766703 -0.623243  0.121630 0.272871 1 1 1.000000
0  -0.663459 -0.031079 0.631674  0.154061 0.766703 -0.623243  0.133695 0.274647 1 1 1.000000
0  -0.661118 -0.034843 0.627622  0.154061 0.766703 -0.623243  0.134615 0.279934 1 1 1.000000
baby_seat
0  -0.674521 -0.027368 0.629747  0.233985 0.203718 -0.950658  0.048102 0.194978 1 1 1.000000
0  -0.674942 -0.021939 0.630806  0.233985 0.203718 -0.950658  0.047763 0.188639 1 1 1.000000
0  -0.664876 -0.021949 0.633282  0.233985 0.203718 -0.950658  0.059773 0.188641 1 1 1.000000
baby_seat
0  -0.664503 -0.026837 0.632326  0.233997 0.203711 -0.950656  0.060070 0.194347 1 1 1.000000
0  -0.663459 -0.031079 0.631674  0.233997 0.203711 -0.950656  0.061189 0.199301 1 1 1.000000
0  -0.673614 -0.031069 0.629177  0.233997 0.203711 -0.950656  0.049072 0.199299 1 1 1.000000
baby_seat
0  -0.674521 -0.027368 0.629747  0.233997 0.203717 -0.950655  0.048102 0.194978 1 1 1.000000
0  -0.664876 -0.021949 0.633282  0.233997 0.203717 -0.950655  0.059773 0.188641 1 1 1.000000
0  -0.664503 -0.026837 0.632326  0.233997 0.203717 -0.950655  0.060070 0.194347 1 1 1.000000
baby_seat
0  -0.626203 -0.001961 0.538206  0.376934 -0.004679 0.926228  0.726044 0.838781 1 1 1.000000
0  -0.652789 -0.002305 0.603670  0.926512 -0.001716 0.376260  0.643604 0.838785 1 1 1.000000
0  -0.652807 -0.021794 0.603564  0.926509 -0.002879 0.376262  0.643600 0.816047 1 1 1.000000
baby_seat
0  -0.652807 -0.021794 0.603564  0.926509 -0.002879 0.376262  0.643600 0.816047 1 1 1.000000
0  -0.653189 -0.026700 0.604468  0.922324 0.093082 0.375038  0.642427 0.810328 1 1 1.000000
0  -0.626209 -0.026375 0.538036  0.633063 -0.231598 0.738643  0.726087 0.810297 1 1 1.000000
baby_seat
0  -0.653189 -0.026700 0.604468  -0.234094 0.193805 0.952701  0.316639 0.084217 1 1 1.000000
0  -0.652807 -0.021794 0.603564  -0.234094 0.193805 0.952701  0.316344 0.078496 1 1 1.000000
0  -0.662854 -0.021783 0.601093  -0.234094 0.193805 0.952701  0.328351 0.078495 1 1 1.000000
baby_seat
0  -0.662854 -0.021783 0.601093  -0.234086 0.193815 0.952701  0.328351 0.078495 1 1 1.000000
0  -0.663273 -0.027229 0.602098  -0.234086 0.193815 0.952701  0.328671 0.084845 1 1 1.000000
0  -0.653189 -0.026700 0.604468  -0.234086 0.193815 0.952701  0.316639 0.084217 1 1 1.000000
baby_seat
0  -0.663273 -0.027229 0.602098  -0.234084 0.193804 0.952704  0.328671 0.084845 1 1 1.000000
0  -0.662939 -0.030931 0.602933  -0.234084 0.193804 0.952704  0.328150 0.089160 1 1 1.000000
0  -0.653189 -0.026700 0.604468  -0.234084 0.193804 0.952704  0.316639 0.084217 1 1 1.000000
baby_seat
0  -0.635993 -0.026894 0.535044  -0.954938 -0.050525 -0.292475  0.320931 0.695838 1 1 1.000000
0  -0.663273 -0.027229 0.602098  -0.927912 -0.057076 -0.368404  0.405363 0.695874 1 1 1.000000
0  -0.662854 -0.021783 0.601093  -0.926280 0.001727 -0.376831  0.404063 0.702222 1 1 1.000000
baby_seat
0  -0.662854 -0.021783 0.601093  -0.926280 0.001727 -0.376831  0.404063 0.702222 1 1 1.000000
0  -0.662858 -0.002294 0.601194  -0.926280 0.001719 -0.376832  0.404063 0.724961 1 1 1.000000
0  -0.635999 -0.001948 0.535172  -0.955223 0.001296 -0.295883  0.320931 0.724944 1 1 1.000000
baby_seat
0  -0.653862 -0.034749 0.609753  -0.000237 0.999987 0.005148  0.134601 0.302431 1 1 1.000000
0  -0.664009 -0.034739 0.607258  -0.000237 0.999987 0.005148  0.122547 0.300657 1 1 1.000000
0  -0.671276 -0.034833 0.625124  -0.000237 0.999987 0.005148  0.122547 0.278158 1 1 1.000000
baby_seat
0  -0.672460 -0.002559 0.652106  0.389890 -0.004710 0.920849  0.582607 0.838789 1 1 1.000000
0  -0.664858 -0.002460 0.633388  0.926513 -0.001718 0.376260  0.606180 0.838787 1 1 1.000000
0  -0.664886 0.017028 0.633482  0.926509 -0.000547 0.376271  0.606176 0.861526 1 1 1.000000
baby_seat
0  -0.664886 0.017028 0.633482  0.926509 -0.000547 0.376271  0.606176 0.861526 1 1 1.000000
0  -0.664515 0.021925 0.632577  0.922268 -0.097649 0.374015  0.607345 0.867233 1 1 1.000000
0  -0.672463 0.021816 0.652148  0.358753 -0.042570 0.932461  0.582699 0.867227 1 1 1.000000
baby_seat
0  -0.652801 -0.030942 0.605426  -0.154412 0.760180 0.631097  0.133674 0.307692 1 1 1.000000
0  -0.662939 -0.030931 0.602933  -0.154412 0.760180 0.631097  0.121630 0.305920 1 1 1.000000
0  -0.664009 -0.034739 0.607258  -0.154412 0.760180 0.631097  0.122547 0.300657 1 1 1.000000
baby_seat
0  -0.674947 -0.002450 0.630907  0.238814 0.005050 -0.971052  0.047763 0.165900 1 1 1.000000
0  -0.674951 0.017039 0.631007  0.238814 0.005050 -0.971052  0.047763 0.143160 1 1 1.000000
0  -0.664886 0.017028 0.633482  0.238814 0.005050 -0.971052  0.059773 0.143162 1 1 1.000000
baby_seat
0  -0.664886 0.017028 0.633482  0.238798 0.005054 -0.971056  0.059773 0.143162 1 1 1.000000
0  -0.664858 -0.002460 0.633388  0.238798 0.005054 -0.971056  0.059800 0.165901 1 1 1.000000
0  -0.674947 -0.002450 0.630907  0.238798 0.005054 -0.971056  0.047763 0.165900 1 1 1.000000
baby_seat
0  -0.664858 -0.002460 0.633388  0.238818 0.005057 -0.971051  0.059800 0.165901 1 1 1.000000
0  -0.664876 -0.021949 0.633282  0.238818 0.005057 -0.971051  0.059773 0.188641 1 1 1.000000
0  -0.674947 -0.002450 0.630907  0.238818 0.005057 -0.971051  0.047763 0.165900 1 1 1.000000
baby_seat
0  -0.664024 0.030086 0.607592  0.000237 -0.999987 -0.005147  0.313757 0.049130 1 1 1.000000
0  -0.653878 0.030075 0.610087  0.000237 -0.999987 -0.005147  0.301704 0.050883 1 1 1.000000
0  -0.661134 0.029982 0.627956  0.000237 -0.999987 -0.005147  0.301690 0.028386 1 1 1.000000
baby_seat
0  -0.681999 0.022378 0.648356  -0.924128 0.051473 0.378599  0.463287 0.754047 1 1 1.000000
0  -0.674533 0.022478 0.630003  -0.927939 0.061136 -0.367685  0.440177 0.754047 1 1 1.000000
0  -0.674951 0.017039 0.631007  -0.926280 0.001731 -0.376833  0.441476 0.747707 1 1 1.000000
baby_seat
0  -0.674951 0.017039 0.631007  -0.926280 0.001731 -0.376833  0.441476 0.747707 1 1 1.000000
0  -0.674947 -0.002450 0.630907  -0.926280 0.001716 -0.376832  0.441476 0.724968 1 1 1.000000
0  -0.681993 -0.002541 0.648228  -0.920720 -0.002265 0.390217  0.463287 0.724973 1 1 1.000000
baby_seat
0  -0.549872 0.076403 0.353340  0.902912 0.202639 0.379061  0.966091 0.928237 1 1 1.000000
0  -0.565634 0.076382 0.369961  0.834082 0.337080 0.436674  0.941253 0.928424 1 1 1.000000
0  -0.571171 0.021070 0.369058  0.894441 -0.053242 0.444005  0.939517 0.863957 1 1 1.000000
baby_seat
0  -0.571091 -0.001077 0.368895  0.898107 -0.002050 0.439772  0.939602 0.838117 1 1 1.000000
0  -0.605832 -0.001918 0.530679  0.898723 -0.002085 0.438513  0.749288 0.837762 1 1 1.000000
0  -0.605817 -0.024053 0.530416  0.861394 -0.187282 0.472151  0.749455 0.811936 1 1 1.000000
baby_seat
0  -0.557503 -0.000868 0.328976  0.883448 -0.002211 0.468524  0.418678 0.126090 1 1 1.000000
0  -0.566138 0.023603 0.331505  0.971060 0.073779 0.227155  0.409028 0.097525 1 1 1.000000
0  -0.556509 0.023283 0.338347  0.871056 0.093430 -0.482215  0.421154 0.097868 1 1 1.000000
baby_seat
0  -0.581040 0.088650 0.357929  0.808995 0.356604 0.467291  0.029720 0.034939 1 1 1.000000
0  -0.599611 0.088080 0.446707  0.880483 0.327718 0.342566  0.019017 0.140184 1 1 1.000000
0  -0.589168 0.083069 0.451024  0.446336 0.801268 0.398438  0.005673 0.141461 1 1 1.000000
baby_seat
0  -0.626203 -0.001961 0.538206  0.376934 -0.004679 0.926228  0.155155 0.114871 1 1 1.000000
0  -0.626209 -0.026375 0.538036  0.633063 -0.231598 0.738643  0.155135 0.086385 1 1 1.000000
0  -0.615949 -0.026154 0.542704  0.239406 -0.393577 0.887571  0.167740 0.086665 1 1 1.000000
baby_seat
0  -0.571160 -0.023224 0.368830  0.894384 0.049057 0.444602  0.939517 0.812278 1 1 1.000000
0  -0.554909 -0.018296 0.349385  0.919512 -0.051631 0.389656  0.967654 0.817807 1 1 1.000000
0  -0.550813 -0.000948 0.344870  0.494079 -0.004365 0.869406  0.974419 0.837991 1 1 1.000000
baby_seat
0  -0.559144 -0.090606 0.334267  0.678220 -0.059490 0.732447  0.417574 0.230769 1 1 1.000000
0  -0.566126 -0.025369 0.331253  0.971094 -0.075642 0.226393  0.409028 0.154666 1 1 1.000000
0  -0.556498 -0.025115 0.338098  0.871078 -0.088046 -0.483188  0.421154 0.154338 1 1 1.000000
baby_seat
0  -0.566138 0.023603 0.331505  0.971060 0.073779 0.227155  0.409028 0.097525 1 1 1.000000
0  -0.559187 0.088810 0.335190  0.678163 0.052262 0.733051  0.417573 0.021428 1 1 1.000000
0  -0.549833 0.086977 0.342522  0.784599 0.597022 -0.167237  0.429452 0.023535 1 1 1.000000
baby_seat
0  -0.580998 -0.090691 0.357005  0.809160 -0.361010 0.463607  0.540210 0.806207 1 1 1.000000
0  -0.559144 -0.090606 0.334267  0.678220 -0.059490 0.732447  0.523895 0.839161 1 1 1.000000
0  -0.549791 -0.088845 0.341617  0.785090 -0.594655 -0.173259  0.510834 0.834310 1 1 1.000000
baby_seat
0  -0.566126 -0.025369 0.331253  0.971094 -0.075642 0.226393  0.409028 0.154666 1 1 1.000000
0  -0.557503 -0.000868 0.328976  0.883448 -0.002211 0.468524  0.418678 0.126090 1 1 1.000000
0  -0.548802 -0.000914 0.338199  0.939134 0.001973 -0.343545  0.430070 0.126102 1 1 1.000000
baby_seat
0  -0.605832 -0.001918 0.530679  0.898723 -0.002085 0.438513  0.749288 0.837762 1 1 1.000000
0  -0.605827 0.020219 0.530644  0.861297 0.182845 0.474063  0.749455 0.863589 1 1 1.000000
0  -0.615961 0.022188 0.542952  0.239199 0.384538 0.891580  0.731739 0.866024 1 1 1.000000
baby_seat
0  -0.615838 -0.001981 0.542560  0.232700 -0.004934 0.972536  0.732081 0.837824 1 1 1.000000
0  -0.615949 -0.026154 0.542704  0.239406 -0.393577 0.887571  0.731739 0.809623 1 1 1.000000
0  -0.605817 -0.024053 0.530416  0.861394 -0.187282 0.472151  0.749455 0.811936 1 1 1.000000
baby_seat
0  -0.565634 0.076382 0.369961  0.834082 0.337080 0.436674  0.941253 0.928424 1 1 1.000000
0  -0.549872 0.076403 0.353340  0.902912 0.202639 0.379061  0.966091 0.928237 1 1 1.000000
0  -0.549833 0.086977 0.342522  0.784599 0.597022 -0.167237  0.977886 0.940559 1 1 1.000000
baby_seat
0  -0.582083 0.076210 0.448762  0.897062 0.324300 0.300181  0.848762 0.928523 1 1 1.000000
0  -0.565634 0.076382 0.369961  0.834082 0.337080 0.436674  0.941253 0.928424 1 1 1.000000
0  -0.571274 0.083721 0.365447  0.455446 0.850460 0.263225  0.943739 0.937049 1 1 1.000000
baby_seat
0  -0.549836 -0.078383 0.352543  0.902995 -0.206112 0.376985  0.966092 0.747646 1 1 1.000000
0  -0.565597 -0.078540 0.369164  0.834254 -0.341164 0.433159  0.941254 0.747674 1 1 1.000000
0  -0.571234 -0.085835 0.364574  0.455874 -0.852889 0.254479  0.943740 0.739225 1 1 1.000000
baby_seat
0  -0.565597 -0.078540 0.369164  0.834254 -0.341164 0.433159  0.941254 0.747674 1 1 1.000000
0  -0.582046 -0.079187 0.447962  0.897213 -0.326958 0.296827  0.848763 0.747218 1 1 1.000000
0  -0.589128 -0.086073 0.450154  0.446703 -0.805120 0.390176  0.843280 0.739273 1 1 1.000000
baby_seat
0  -0.549872 0.076403 0.353340  0.902912 0.202639 0.379061  0.966091 0.928237 1 1 1.000000
0  -0.554917 0.016349 0.349564  0.919481 0.048046 0.390187  0.967654 0.858228 1 1 1.000000
0  -0.556509 0.023283 0.338347  0.871056 0.093430 -0.482215  0.979153 0.866323 1 1 1.000000
baby_seat
0  -0.554909 -0.018296 0.349385  0.919512 -0.051631 0.389656  0.967654 0.817807 1 1 1.000000
0  -0.549836 -0.078383 0.352543  0.902995 -0.206112 0.376985  0.966092 0.747646 1 1 1.000000
0  -0.549791 -0.088845 0.341617  0.785090 -0.594655 -0.173259  0.977887 0.735425 1 1 1.000000
baby_seat
0  -0.548802 -0.000914 0.338199  0.939134 0.001973 -0.343545  0.982517 0.837999 1 1 1.000000
0  -0.556509 0.023283 0.338347  0.871056 0.093430 -0.482215  0.979153 0.866323 1 1 1.000000
0  -0.554917 0.016349 0.349564  0.919481 0.048046 0.390187  0.967654 0.858228 1 1 1.000000
baby_seat
0  -0.550153 -0.000947 0.344680  0.844501 -0.002576 0.535547  0.974911 0.837984 1 1 1.000000
0  -0.554909 -0.018296 0.349385  0.919512 -0.051631 0.389656  0.967654 0.817807 1 1 1.000000
0  -0.556498 -0.025115 0.338098  0.871078 -0.088046 -0.483188  0.979153 0.809856 1 1 1.000000
baby_seat
0  -0.589168 0.083069 0.451024  0.446336 0.801268 0.398438  0.843279 0.936614 1 1 1.000000
0  -0.615961 0.022188 0.542952  0.239199 0.384538 0.891580  0.731739 0.866024 1 1 1.000000
0  -0.605827 0.020219 0.530644  0.861297 0.182845 0.474063  0.749455 0.863589 1 1 1.000000
baby_seat
0  -0.615949 -0.026154 0.542704  0.239406 -0.393577 0.887571  0.731739 0.809623 1 1 1.000000
0  -0.589128 -0.086073 0.450154  0.446703 -0.805120 0.390176  0.843280 0.739273 1 1 1.000000
0  -0.582046 -0.079187 0.447962  0.897213 -0.326958 0.296827  0.848763 0.747218 1 1 1.000000
baby_seat
0  -0.626221 0.022453 0.538287  0.632948 0.224282 0.740996  0.155135 0.143357 1 1 1.000000
0  -0.626203 -0.001961 0.538206  0.376934 -0.004679 0.926228  0.155155 0.114871 1 1 1.000000
0  -0.615838 -0.001981 0.542560  0.232700 -0.004934 0.972536  0.167832 0.114867 1 1 1.000000
baby_seat
0  -0.378423 0.013631 0.360490  0.368946 0.100097 0.924045  0.935315 0.373656 1 1 1.000000
0  -0.379364 0.066363 0.349966  0.291911 0.434878 0.851862  0.932514 0.435130 1 1 1.000000
0  -0.400075 0.044539 0.354227  -0.090351 0.271060 0.958313  0.909270 0.409690 1 1 1.000000
baby_seat
0  -0.480975 0.057862 0.334031  -0.493388 0.372316 0.786097  0.812532 0.425146 1 1 1.000000
0  -0.467772 0.029974 0.345332  -0.442031 0.133205 0.887054  0.829615 0.392661 1 1 1.000000
0  -0.400075 0.044539 0.354227  -0.090351 0.271060 0.958313  0.909270 0.409690 1 1 1.000000
baby_seat
0  -0.392857 0.087109 0.333119  0.137453 0.756288 0.639637  0.866241 0.588107 1 1 1.000000
0  -0.379364 0.066363 0.349966  0.291911 0.434878 0.851862  0.869272 0.614236 1 1 1.000000
0  -0.362814 0.072109 0.335144  0.669368 0.458639 0.584463  0.843325 0.615385 1 1 1.000000
baby_seat
0  -0.413331 0.085883 0.337500  -0.143738 0.651642 0.744784  0.891251 0.457848 1 1 1.000000
0  -0.400075 0.044539 0.354227  -0.090351 0.271060 0.958313  0.909270 0.409690 1 1 1.000000
0  -0.379364 0.066363 0.349966  0.291911 0.434878 0.851862  0.932514 0.435130 1 1 1.000000
baby_seat
0  -0.467590 -0.000931 0.345364  -0.497842 -0.004578 0.867256  0.829847 0.356602 1 1 1.000000
0  -0.467757 -0.031835 0.345014  -0.441973 -0.142521 0.885634  0.829615 0.320543 1 1 1.000000
0  -0.412660 -0.001010 0.363084  -0.174794 -0.005109 0.984592  0.896168 0.356590 1 1 1.000000
baby_seat
0  -0.467757 -0.031835 0.345014  -0.441973 -0.142521 0.885634  0.829615 0.320543 1 1 1.000000
0  -0.400054 -0.046459 0.353759  -0.090220 -0.280953 0.955471  0.909270 0.303515 1 1 1.000000
0  -0.412660 -0.001010 0.363084  -0.174794 -0.005109 0.984592  0.896168 0.356590 1 1 1.000000
baby_seat
0  -0.400054 -0.046459 0.353759  -0.090220 -0.280953 0.955471  0.909270 0.303515 1 1 1.000000
0  -0.379332 -0.068228 0.349273  0.292119 -0.443486 0.847341  0.932513 0.278091 1 1 1.000000
0  -0.378416 -0.015607 0.360339  0.368988 -0.109421 0.922971  0.935315 0.339542 1 1 1.000000
baby_seat
0  -0.379332 -0.068228 0.349273  0.292119 -0.443486 0.847341  0.012359 0.613849 1 1 1.000000
0  -0.362779 -0.073813 0.334392  0.669602 -0.464330 0.579682  0.035623 0.607114 1 1 1.000000
0  -0.362088 -0.015530 0.347077  0.789572 -0.070918 0.609546  0.022514 0.675120 1 1 1.000000
baby_seat
0  -0.400054 -0.046459 0.353759  -0.090220 -0.280953 0.955471  0.909270 0.303515 1 1 1.000000
0  -0.467757 -0.031835 0.345014  -0.441973 -0.142521 0.885634  0.829615 0.320543 1 1 1.000000
0  -0.480947 -0.059611 0.333426  -0.493194 -0.380601 0.782242  0.812532 0.288080 1 1 1.000000
baby_seat
0  -0.362779 -0.073813 0.334392  0.669602 -0.464330 0.579682  0.445295 0.835896 1 1 1.000000
0  -0.379332 -0.068228 0.349273  0.292119 -0.443486 0.847341  0.470941 0.837113 1 1 1.000000
0  -0.392816 -0.088806 0.332214  0.137791 -0.762767 0.631823  0.468949 0.862886 1 1 1.000000
baby_seat
0  -0.379332 -0.068228 0.349273  0.292119 -0.443486 0.847341  0.932513 0.278091 1 1 1.000000
0  -0.400054 -0.046459 0.353759  -0.090220 -0.280953 0.955471  0.909270 0.303515 1 1 1.000000
0  -0.413290 -0.087634 0.336607  -0.143428 -0.659338 0.738039  0.891251 0.255391 1 1 1.000000
baby_seat
0  -0.467590 -0.000931 0.345364  -0.497842 -0.004578 0.867256  0.829847 0.356602 1 1 1.000000
0  -0.412660 -0.001010 0.363084  -0.174794 -0.005109 0.984592  0.896168 0.356590 1 1 1.000000
0  -0.467772 0.029974 0.345332  -0.442031 0.133205 0.887054  0.829615 0.392661 1 1 1.000000
baby_seat
0  -0.412660 -0.001010 0.363084  -0.174794 -0.005109 0.984592  0.896168 0.356590 1 1 1.000000
0  -0.399613 0.013316 0.363227  -0.046034 0.116043 0.992177  0.911262 0.373304 1 1 1.000000
0  -0.400075 0.044539 0.354227  -0.090351 0.271060 0.958313  0.909270 0.409690 1 1 1.000000
baby_seat
0  -0.399606 -0.015330 0.363080  -0.045964 -0.126261 0.990932  0.911262 0.339880 1 1 1.000000
0  -0.378416 -0.015607 0.360339  0.368988 -0.109421 0.922971  0.935315 0.339542 1 1 1.000000
0  -0.378423 0.013631 0.360490  0.368946 0.100097 0.924045  0.935315 0.373656 1 1 1.000000
baby_seat
0  -0.378416 -0.015607 0.360339  0.368988 -0.109421 0.922971  0.001068 0.675246 1 1 1.000000
0  -0.362088 -0.015530 0.347077  0.789572 -0.070918 0.609546  0.022514 0.675120 1 1 1.000000
0  -0.362095 0.013699 0.347227  0.789476 0.064983 0.610332  0.022514 0.709223 1 1 1.000000
baby_seat
0  -0.362095 0.013699 0.347227  0.789476 0.064983 0.610332  0.022514 0.709223 1 1 1.000000
0  -0.362814 0.072109 0.335144  0.669368 0.458639 0.584463  0.035623 0.777363 1 1 1.000000
0  -0.379364 0.066363 0.349966  0.291911 0.434878 0.851862  0.012359 0.770879 1 1 1.000000
end
